{
  "accuracy": [
    0.1,
    0.1052,
    0.1593,
    0.1816,
    0.1892,
    0.1908,
    0.2303,
    0.265,
    0.2318,
    0.2032,
    0.2105,
    0.218,
    0.1952,
    0.2315,
    0.2432,
    0.1784,
    0.1931,
    0.2164,
    0.202,
    0.2005,
    0.1836
  ],
  "loss": [
    2.305247210249116,
    2.3992586950712567,
    2.3111108798014968,
    2.3215053534205956,
    2.3889983485016644,
    2.288748471042778,
    2.1882939142516897,
    2.152183884306799,
    2.214190697368187,
    2.373378708392759,
    2.1828510504734666,
    2.1536516931992544,
    2.5194083557853215,
    2.346047727367546,
    2.395847984507114,
    2.305925360208825,
    2.3174218527878385,
    2.172819840757153,
    2.2116792564150654,
    2.3425824038590055,
    2.3373337501212013
  ]
}