{
  "accuracy": [
    0.086,
    0.1284,
    0.1895,
    0.2112,
    0.2028,
    0.2151,
    0.2209,
    0.2449,
    0.279,
    0.2518,
    0.2403,
    0.2744,
    0.2797,
    0.2456,
    0.2657,
    0.206,
    0.3155,
    0.2662,
    0.2318,
    0.2649,
    0.2822
  ],
  "loss": [
    2.3051018292390846,
    2.4114626932747756,
    2.3310442574416537,
    2.293160058275054,
    2.2153440608253963,
    2.417349745955648,
    2.302792576294911,
    2.146498926078217,
    2.054818305788161,
    2.0721694563008564,
    2.086268174497387,
    2.0337568747846384,
    2.025057693071003,
    2.183615708652931,
    2.0061956462980826,
    2.324308166021033,
    1.9033056497573853,
    2.116408996944186,
    2.120001079160956,
    2.012409296216844,
    2.06381989128982
  ]
}