{
  "accuracy": [
    0.1046,
    0.1998,
    0.1806,
    0.1599,
    0.2091,
    0.1955,
    0.1567,
    0.1477,
    0.217,
    0.1987,
    0.2124,
    0.179,
    0.148,
    0.1827,
    0.207,
    0.1738,
    0.1927,
    0.1688,
    0.1841,
    0.1616,
    0.1854
  ],
  "loss": [
    2.3031263472158696,
    2.6834837786759,
    2.3686887735052955,
    2.4682902987999253,
    2.2904207404655748,
    2.5206719259672528,
    2.300394767447363,
    2.7673450723479065,
    2.2085495447810692,
    2.523046406009529,
    2.3095523918731304,
    2.725101326085344,
    2.2124132717712017,
    2.684716951997974,
    2.2551833919332,
    2.285310654700557,
    2.3201298592965816,
    2.6584422709066655,
    2.1239457251150395,
    2.081600706788558,
    2.5121168426320524
  ]
}