{
  "accuracy": [
    0.1,
    0.2031,
    0.1636,
    0.1648,
    0.2028,
    0.1986,
    0.1976,
    0.1641,
    0.2135,
    0.227,
    0.246,
    0.2348,
    0.2632,
    0.2419,
    0.23,
    0.2433,
    0.2445,
    0.2505,
    0.2359,
    0.2263,
    0.2431
  ],
  "loss": [
    2.304166944721077,
    2.098754375795775,
    2.2050900610187387,
    2.148470181453077,
    2.082100241999083,
    2.0712007223805293,
    2.0247736339327655,
    2.109886210176009,
    2.034950662262832,
    1.9987600332574,
    2.0549764180485206,
    2.0085376154018353,
    1.966405230232432,
    2.056870772868772,
    2.111440157588524,
    2.0380211314068566,
    1.9869743449778496,
    2.0223880704445176,
    2.0266126198104666,
    1.990205493154405,
    2.0592496742176105
  ]
}