{
  "accuracy": [
    0.1017,
    0.1969,
    0.175,
    0.1957,
    0.2115,
    0.1721,
    0.182,
    0.1649,
    0.1595,
    0.1734,
    0.1467,
    0.2046,
    0.1298,
    0.1617,
    0.1906,
    0.2071,
    0.1827,
    0.1808,
    0.1881,
    0.1738,
    0.1637
  ],
  "loss": [
    2.3032045454918584,
    2.3877957259552387,
    2.3959113525438913,
    2.3947978834562664,
    2.2468558353713797,
    2.4793106755123864,
    2.4684498974039584,
    2.7759066050565697,
    2.760886334165742,
    2.3695751262616507,
    2.585661815691598,
    2.213517786581305,
    2.3856420516967773,
    2.773686747007732,
    2.3847501277923584,
    2.300108897535107,
    2.488704334331464,
    2.4026960964444317,
    2.3536320849309993,
    2.2969413739216478,
    2.2099344881275034
  ]
}