{
  "accuracy": [
    0.1,
    0.1004,
    0.1739,
    0.1616,
    0.1816,
    0.2528,
    0.2077,
    0.2337,
    0.2449,
    0.276,
    0.2572,
    0.2245,
    0.2485,
    0.2206,
    0.2336,
    0.2765,
    0.2678,
    0.2526,
    0.2401,
    0.2387,
    0.2627
  ],
  "loss": [
    2.304130439516864,
    2.522697442694555,
    2.3049117009851,
    2.424286199521415,
    2.3424917897091637,
    2.3175037510787386,
    2.4407533633558054,
    2.0823937533776973,
    2.274175969860222,
    2.316079426415359,
    2.237075864514218,
    2.3051193213161034,
    2.3042219198202787,
    2.3135182450089276,
    2.251944104327431,
    2.3390793076044396,
    2.339412989495676,
    2.3430308676973173,
    2.1368063673188415,
    2.215579054023646,
    2.2366799131224426
  ]
}