{
  "accuracy": [
    0.1024,
    0.2029,
    0.1666,
    0.1902,
    0.1929,
    0.2324,
    0.1989,
    0.2173,
    0.2083,
    0.2,
    0.2385,
    0.2364,
    0.2256,
    0.2146,
    0.2517,
    0.2175,
    0.257,
    0.2271,
    0.1886,
    0.2427,
    0.2304
  ],
  "loss": [
    2.3036158356485488,
    2.099126427988463,
    2.1820669807965243,
    2.1311307134507578,
    2.1549569051476976,
    2.02943770644031,
    2.0687132590933692,
    2.1293787533723854,
    2.079303718820403,
    2.0446167143085336,
    1.9926376886005643,
    2.1564045148559763,
    2.095398530175414,
    1.9931900546520571,
    2.0277844199651405,
    2.0736645897732506,
    1.9732635926596727,
    2.070629874362221,
    2.1212730724600295,
    2.0287633741958233,
    2.106814408604103
  ]
}