{
  "accuracy": [
    0.0961,
    0.1,
    0.1739,
    0.2234,
    0.2235,
    0.1847,
    0.2363,
    0.2332,
    0.2254,
    0.2626,
    0.2319
  ],
  "loss": [
    2.3050534061238737,
    2.4031937786295443,
    2.1405493518974206,
    2.0983282614357863,
    2.0791297426706628,
    2.153079663650899,
    2.1107550029513202,
    2.062846909595441,
    2.091696153713178,
    1.9933202885374237,
    2.052824755258198
  ]
}