{
  "accuracy": [
    0.0936,
    0.1291,
    0.2547,
    0.1868,
    0.2269,
    0.2514,
    0.2388,
    0.2344,
    0.2598,
    0.2374,
    0.2567,
    0.2293,
    0.2241,
    0.2504,
    0.2214,
    0.2258,
    0.2092,
    0.1934,
    0.1981,
    0.2129,
    0.1671
  ],
  "loss": [
    2.305407509019103,
    2.2653531002092966,
    2.0127191166334515,
    2.1154000849663457,
    2.027497519420672,
    1.9970856346661532,
    2.044370676897749,
    2.061120712304417,
    2.0365796526776085,
    2.056085754044448,
    2.0318817292587665,
    2.04350026498867,
    2.0133347164226483,
    1.9892520240590543,
    2.0388389010972614,
    2.0584671301177786,
    2.065502832207499,
    2.086539134194579,
    2.0668463661700867,
    2.0665288967422293,
    2.1229454807088346
  ]
}