{
  "accuracy": [
    0.0907,
    0.1512,
    0.1626,
    0.1744,
    0.2129,
    0.1687,
    0.1969,
    0.1948,
    0.1518,
    0.1992,
    0.1869,
    0.2016,
    0.164,
    0.1938,
    0.1645,
    0.1896,
    0.2143,
    0.1862,
    0.2044,
    0.2046,
    0.1711
  ],
  "loss": [
    2.3080841167063655,
    2.6770285503773747,
    2.5246181850191913,
    2.6407564803014827,
    2.531080532677566,
    2.400723787802684,
    2.346390242818036,
    2.611705170402044,
    2.5158013965510113,
    2.5515416483335858,
    2.583927601198607,
    2.5107984784283217,
    2.425662982312939,
    2.412584845023819,
    2.5076033284392536,
    2.57050929492033,
    2.619592096232161,
    2.580272734919681,
    2.4924961826469323,
    2.3279366825200336,
    2.3878940962537936
  ]
}