{
  "accuracy": [
    0.1001,
    0.1604,
    0.1979,
    0.2257,
    0.2247,
    0.222,
    0.2317,
    0.183,
    0.2196,
    0.2267,
    0.2364,
    0.2278,
    0.2292,
    0.2154,
    0.2351,
    0.2234,
    0.2218,
    0.2384,
    0.2198,
    0.1922,
    0.2484
  ],
  "loss": [
    2.304674637468555,
    2.211559183989899,
    2.0748523337931575,
    2.048882301849655,
    2.0201890408238277,
    2.041742560229724,
    2.0168810509428194,
    2.115982248813291,
    2.053921355476862,
    2.0350689691833304,
    2.0068167357505122,
    2.0230446661574932,
    1.999169435682176,
    2.0008938206902034,
    1.9598342180252075,
    2.0005798792537255,
    2.0135298937181885,
    1.9701701402664185,
    2.0113302363625056,
    2.0086979624591295,
    1.952451449406298
  ]
}