{
  "accuracy": [
    0.0997,
    0.1652,
    0.1473,
    0.2057,
    0.2144,
    0.2153,
    0.2256,
    0.213,
    0.2133,
    0.2263,
    0.2193,
    0.1949,
    0.2149,
    0.2118,
    0.2217,
    0.2254,
    0.2305,
    0.2238,
    0.1238,
    0.2306,
    0.2089
  ],
  "loss": [
    2.3047291659101656,
    2.1736142997500263,
    2.173447527462923,
    2.1152422111245652,
    2.117774438254441,
    2.042521457128887,
    2.0109209048597116,
    2.083225170268288,
    2.0317081469523757,
    2.0245523814913593,
    2.0271610142309453,
    2.0824149213259733,
    2.0291223344923575,
    2.0513336915004103,
    1.9990767074536673,
    2.031818960286394,
    2.0297547503362727,
    2.0364572036115427,
    2.339040934285031,
    2.014982949329328,
    2.074137853670724
  ]
}