{
  "accuracy": [
    0.1002,
    0.1879,
    0.2045,
    0.2095,
    0.1707,
    0.2285,
    0.2019,
    0.2208,
    0.252,
    0.2541,
    0.1993,
    0.222,
    0.2197,
    0.2211,
    0.2565,
    0.2118,
    0.2464,
    0.2124,
    0.2645,
    0.2472,
    0.1805
  ],
  "loss": [
    2.304702125018156,
    2.110216013992889,
    2.085106446773191,
    2.063774618921401,
    2.1186143989804425,
    2.01471811759321,
    2.0678547922568984,
    2.0097573331639738,
    2.0248663319817073,
    2.034946895852874,
    2.083814193930807,
    2.0517463563363765,
    2.009735523899899,
    2.039686624007889,
    1.9659727721274654,
    2.023592022400868,
    1.9816481855851185,
    2.055066116248505,
    1.9850977523417412,
    2.0047578615478323,
    2.1870118696478347
  ]
}