{
  "accuracy": [
    0.1,
    0.1022,
    0.1697,
    0.2031,
    0.1999,
    0.223,
    0.2353,
    0.2111,
    0.1595,
    0.2213,
    0.2035,
    0.1827,
    0.2005,
    0.2037,
    0.2204,
    0.2101,
    0.2124,
    0.1903,
    0.1917,
    0.2204,
    0.2235
  ],
  "loss": [
    2.3047336656836013,
    2.309291842617566,
    2.099227128149588,
    2.0752070795131634,
    2.1296323432198054,
    2.009599445741388,
    2.052312748341621,
    2.092440997497945,
    2.166624017908603,
    2.0347644724423373,
    2.1107687195645104,
    2.0794377508042734,
    2.052045965496498,
    2.0358591638033903,
    2.002763140050671,
    2.044184218479108,
    2.0441129630125023,
    2.1021032589900344,
    2.0903494146805777,
    2.0407380544686617,
    2.0227761132807673
  ]
}