{
  "round": 9,
  "utility_prev_round": 2.0298506413834003,
  "utility_current_global": 2.0676036997686458,
  "num_clients": 5,
  "client_weights_num_examples": [
    8000.0,
    8000.0,
    8000.0,
    8000.0,
    8000.0
  ],
  "shapley_all": {
    "0": 0.014464120422234475,
    "1": -0.00041024539038095516,
    "2": -0.004787371782311019,
    "3": 0.02210089204683591,
    "4": 0.006385574059144335
  },
  "shapley_best_subset": {
    "0": 0.0,
    "1": -0.00041024539038095516,
    "2": 0.0,
    "3": 0.0,
    "4": 0.0
  }
}