{
  "round": 10,
  "utility_prev_round": 2.0676036997686458,
  "utility_current_global": 2.0368507029135015,
  "num_clients": 5,
  "client_weights_num_examples": [
    8000.0,
    8000.0,
    8000.0,
    8000.0,
    8000.0
  ],
  "shapley_all": {
    "0": -0.00269934416823235,
    "1": -0.040173905358535725,
    "2": 0.010463300636549025,
    "3": 0.027320978561031165,
    "4": -0.025608149761892043
  },
  "shapley_best_subset": {
    "0": -0.00269934416823235,
    "1": -0.040173905358535725,
    "2": 0.0,
    "3": 0.0,
    "4": -0.025608149761892043
  }
}