{
  "round": 6,
  "utility_prev_round": 2.1528680897966215,
  "utility_current_global": 2.1847962186306336,
  "num_clients": 5,
  "client_weights_num_examples": [
    8000.0,
    8000.0,
    8000.0,
    8000.0,
    8000.0
  ],
  "shapley_all": {
    "0": -0.019169435420619847,
    "1": -0.004567908637131405,
    "2": 0.03592492140798125,
    "3": 0.016971231663780333,
    "4": 0.00276935603548214
  },
  "shapley_best_subset": {
    "0": -0.019169435420619847,
    "1": -0.004567908637131405,
    "2": 0.0,
    "3": 0.0,
    "4": 0.0
  }
}