{
  "round": 2,
  "utility_prev_round": 2.356095839150344,
  "utility_current_global": 2.1790411381781856,
  "num_clients": 5,
  "client_weights_num_examples": [
    8000.0,
    8000.0,
    8000.0,
    8000.0,
    8000.0
  ],
  "shapley_all": {
    "0": -0.01759010387372369,
    "1": -0.027557780118934127,
    "2": -0.08645818258639623,
    "3": -0.02312499490971298,
    "4": -0.022323633447478
  },
  "shapley_best_subset": {
    "0": -0.01759010387372369,
    "1": 0.0,
    "2": -0.08645818258639623,
    "3": 0.0,
    "4": 0.0
  }
}