{
  "round": 5,
  "utility_prev_round": 2.078058612497547,
  "utility_current_global": 2.1528680897966215,
  "num_clients": 5,
  "client_weights_num_examples": [
    8000.0,
    8000.0,
    8000.0,
    8000.0,
    8000.0
  ],
  "shapley_all": {
    "0": 0.014034189604505694,
    "1": -0.009400015742466827,
    "2": 0.03113013314798412,
    "3": 0.01769788396006396,
    "4": 0.021347337634251704
  },
  "shapley_best_subset": {
    "0": 0.014034189604505694,
    "1": 0.0,
    "2": 0.0,
    "3": 0.0,
    "4": 0.0
  }
}