{
  "round": 1,
  "utility_prev_round": 0.0,
  "utility_current_global": 2.356095839150344,
  "num_clients": 5,
  "client_weights_num_examples": [
    8000.0,
    8000.0,
    8000.0,
    8000.0,
    8000.0
  ],
  "shapley_all": {
    "0": 0.4970252031515418,
    "1": 0.46666795055574506,
    "2": 0.499607111381579,
    "3": 0.4684518407165753,
    "4": 0.4243437393808165
  },
  "shapley_best_subset": {
    "0": 0.4970252031515418,
    "1": 0.0,
    "2": 0.0,
    "3": 0.0,
    "4": 0.0
  }
}