{
  "round": 8,
  "utility_prev_round": 2.0882629337190073,
  "utility_current_global": 2.0298506413834003,
  "num_clients": 5,
  "client_weights_num_examples": [
    8000.0,
    8000.0,
    8000.0,
    8000.0,
    8000.0
  ],
  "shapley_all": {
    "0": -0.040443488867474,
    "1": -0.012461260803641199,
    "2": 0.03611532570440558,
    "3": -0.028661495774104165,
    "4": -0.0130049523924976
  },
  "shapley_best_subset": {
    "0": -0.040443488867474,
    "1": 0.0,
    "2": 0.0,
    "3": -0.028661495774104165,
    "4": 0.0
  }
}