{
  "round": 7,
  "utility_prev_round": 2.1847962186306336,
  "utility_current_global": 2.0882629337190073,
  "num_clients": 5,
  "client_weights_num_examples": [
    8000.0,
    8000.0,
    8000.0,
    8000.0,
    8000.0
  ],
  "shapley_all": {
    "0": -0.016009015121540373,
    "1": -0.009840352374290024,
    "2": -0.02199692444459293,
    "3": -0.023220306609753397,
    "4": -0.02545952127955625
  },
  "shapley_best_subset": {
    "0": 0.0,
    "1": 0.0,
    "2": 0.0,
    "3": -0.023220306609753397,
    "4": 0.0
  }
}