{
  "round": 3,
  "utility_prev_round": 2.1790411381781856,
  "utility_current_global": 2.220221121099931,
  "num_clients": 5,
  "client_weights_num_examples": [
    8000.0,
    8000.0,
    8000.0,
    8000.0,
    8000.0
  ],
  "shapley_all": {
    "0": 0.034637544929729654,
    "1": 0.003643393566839729,
    "2": 0.023722966562343576,
    "3": -0.006395873590863665,
    "4": -0.014428105887481469
  },
  "shapley_best_subset": {
    "0": 0.0,
    "1": 0.003643393566839729,
    "2": 0.0,
    "3": 0.0,
    "4": -0.014428105887481469
  }
}