{
  "round": 4,
  "utility_prev_round": 2.220221121099931,
  "utility_current_global": 2.078058612497547,
  "num_clients": 5,
  "client_weights_num_examples": [
    8000.0,
    8000.0,
    8000.0,
    8000.0,
    8000.0
  ],
  "shapley_all": {
    "0": -0.009372170866793287,
    "1": -0.07748324559207712,
    "2": -0.05086819537078281,
    "3": 0.026236189166201917,
    "4": -0.030675102537694284
  },
  "shapley_best_subset": {
    "0": 0.0,
    "1": -0.07748324559207712,
    "2": 0.0,
    "3": 0.0,
    "4": 0.0
  }
}