{
  "round": 1,
  "utility_prev_round": 0.0,
  "utility_current_global": 2.299321222908889,
  "num_clients": 5,
  "client_weights_num_examples": [
    8000.0,
    8000.0,
    8000.0,
    8000.0,
    8000.0
  ],
  "shapley_all": {
    "0": 0.5121183182619796,
    "1": 0.47181032926221445,
    "2": 0.437073592194022,
    "3": 0.4070313743901152,
    "4": 0.47128759974668794
  },
  "shapley_best_subset": {
    "0": 0.0,
    "1": 0.0,
    "2": 0.0,
    "3": 0.4070313743901152,
    "4": 0.0
  }
}