{
  "round": 2,
  "utility_prev_round": 2.299321222908889,
  "utility_current_global": 2.090019841737385,
  "num_clients": 5,
  "client_weights_num_examples": [
    8000.0,
    8000.0,
    8000.0,
    8000.0,
    8000.0
  ],
  "shapley_all": {
    "0": 0.022363333712147285,
    "1": -0.06745961104767224,
    "2": -0.033769044393225554,
    "3": -0.07980567815434583,
    "4": -0.050630381288407765
  },
  "shapley_best_subset": {
    "0": 0.0,
    "1": 0.0,
    "2": 0.0,
    "3": -0.07980567815434583,
    "4": 0.0
  }
}