{
  "round": 4,
  "utility_prev_round": 2.054683635506449,
  "utility_current_global": 1.9806225420553474,
  "num_clients": 5,
  "client_weights_num_examples": [
    8000.0,
    8000.0,
    8000.0,
    8000.0,
    8000.0
  ],
  "shapley_all": {
    "0": -0.026101190581100425,
    "1": 0.015673560482540146,
    "2": -0.018185894247851775,
    "3": -0.0338132807474097,
    "4": -0.011665420693184237
  },
  "shapley_best_subset": {
    "0": 0.0,
    "1": 0.0,
    "2": 0.0,
    "3": -0.0338132807474097,
    "4": 0.0
  }
}