{
  "round": 5,
  "utility_prev_round": 1.9806225420553474,
  "utility_current_global": 1.99666510805299,
  "num_clients": 5,
  "client_weights_num_examples": [
    8000.0,
    8000.0,
    8000.0,
    8000.0,
    8000.0
  ],
  "shapley_all": {
    "0": -0.036102309709862807,
    "1": 0.020318263995496456,
    "2": 0.004511746676159323,
    "3": -0.03063055558546688,
    "4": 0.05794545381884039
  },
  "shapley_best_subset": {
    "0": -0.036102309709862807,
    "1": 0.0,
    "2": 0.0,
    "3": -0.03063055558546688,
    "4": 0.0
  }
}