{
  "round": 3,
  "utility_prev_round": 2.090019841737385,
  "utility_current_global": 2.054683635506449,
  "num_clients": 5,
  "client_weights_num_examples": [
    8000.0,
    8000.0,
    8000.0,
    8000.0,
    8000.0
  ],
  "shapley_all": {
    "0": -0.0010344551082401695,
    "1": -0.03583904655673827,
    "2": -0.009212322074149718,
    "3": 0.021292031867594756,
    "4": -0.010528578436324399
  },
  "shapley_best_subset": {
    "0": 0.0,
    "1": -0.03583904655673827,
    "2": 0.0,
    "3": 0.0,
    "4": 0.0
  }
}