{
  "accuracy": [
    0.1002,
    0.1142,
    0.1372,
    0.1577,
    0.1557,
    0.2037
  ],
  "loss": [
    2.3048538467552087,
    3.037168593346318,
    2.7026093217391,
    2.5339608433880385,
    2.407913464534132,
    2.3047620405124714
  ]
}