{
  "accuracy": [
    0.1,
    0.0981,
    0.1993,
    0.2079,
    0.2254,
    0.2296
  ],
  "loss": [
    2.3039371967315674,
    2.2987672648852384,
    2.0518597605862197,
    2.0865680356568928,
    2.0193390876432007,
    2.0364620700667175
  ]
}