{
  "accuracy": [
    0.1,
    0.1,
    0.1413,
    0.1803,
    0.1848,
    0.2083
  ],
  "loss": [
    2.3048398856875263,
    2.4541494604907457,
    2.3465298459499695,
    2.1932336076905457,
    2.2535983912552457,
    2.092414763909352
  ]
}