{
  "accuracy": [
    0.1008,
    0.1115,
    0.1807,
    0.2091,
    0.2044,
    0.2082
  ],
  "loss": [
    2.3059428251242338,
    2.263194072095654,
    2.0400189448006545,
    2.0194647961024996,
    2.1050343709655954,
    2.0446002362649653
  ]
}