{
  "client_stats": {
    "0": {
      "mean": -3.3,
      "n": 10,
      "std": 3.973523485382827
    },
    "1": {
      "mean": -4.3,
      "n": 10,
      "std": 3.591656999213594
    },
    "2": {
      "mean": -2.7,
      "n": 10,
      "std": 2.9832867780352594
    },
    "3": {
      "mean": -2.4,
      "n": 10,
      "std": 2.065591117977289
    },
    "4": {
      "mean": -3.3,
      "n": 10,
      "std": 2.7100635498903793
    }
  },
  "experiment": "qi_attacker-fedavg",
  "seeds_expected": [
    "seed_00",
    "seed_01",
    "seed_02",
    "seed_03",
    "seed_04",
    "seed_05",
    "seed_06",
    "seed_07",
    "seed_08",
    "seed_09"
  ]
}