client_id,value
0,3.973523485382827
1,3.591656999213594
2,2.9832867780352594
3,2.065591117977289
4,2.7100635498903793