{
  "round": 7,
  "utility_prev_round": 1.9669853765753251,
  "utility_current_global": 1.9360603939128826,
  "num_clients": 5,
  "client_weights_num_examples": [
    8000.0,
    8000.0,
    8000.0,
    8000.0,
    8000.0
  ],
  "shapley_all": {
    "0": -0.025912852377831194,
    "1": 0.020784274586142345,
    "2": 0.020673493493961356,
    "3": -0.014725263209282505,
    "4": -0.03176535443414615
  },
  "shapley_best_subset": {
    "0": -0.025912852377831194,
    "1": 0.0,
    "2": 0.0,
    "3": -0.014725263209282505,
    "4": 0.0
  }
}