{
  "round": 4,
  "utility_prev_round": 2.0309319073640846,
  "utility_current_global": 2.0076097929024996,
  "num_clients": 5,
  "client_weights_num_examples": [
    8000.0,
    8000.0,
    8000.0,
    8000.0,
    8000.0
  ],
  "shapley_all": {
    "0": 0.0236699346751604,
    "1": -0.03875707745049062,
    "2": -0.044079323609670054,
    "3": 0.05795288171446283,
    "4": -0.022108543371852425
  },
  "shapley_best_subset": {
    "0": 0.0,
    "1": -0.03875707745049062,
    "2": 0.0,
    "3": 0.0,
    "4": 0.0
  }
}