{
  "round": 5,
  "utility_prev_round": 2.0076097929024996,
  "utility_current_global": 2.0133462646339515,
  "num_clients": 5,
  "client_weights_num_examples": [
    8000.0,
    8000.0,
    8000.0,
    8000.0,
    8000.0
  ],
  "shapley_all": {
    "0": 0.0011159467797741795,
    "1": 0.012567028516455584,
    "2": -0.01832701827906352,
    "3": 0.03048696341896872,
    "4": -0.020262135131449543
  },
  "shapley_best_subset": {
    "0": 0.0,
    "1": 0.0,
    "2": 0.0,
    "3": 0.0,
    "4": -0.020262135131449543
  }
}