{
  "round": 9,
  "utility_prev_round": 1.939402391638937,
  "utility_current_global": 1.909204463415508,
  "num_clients": 5,
  "client_weights_num_examples": [
    8000.0,
    8000.0,
    8000.0,
    8000.0,
    8000.0
  ],
  "shapley_all": {
    "0": 0.0009360994970748344,
    "1": 0.0007573746427705178,
    "2": -0.025500426010743486,
    "3": -0.011099826585391348,
    "4": 0.004708890975276107
  },
  "shapley_best_subset": {
    "0": 0.0009360994970748344,
    "1": 0.0,
    "2": -0.025500426010743486,
    "3": 0.0,
    "4": 0.0
  }
}