{
  "round": 3,
  "utility_prev_round": 2.0690997552268113,
  "utility_current_global": 2.0309319073640846,
  "num_clients": 5,
  "client_weights_num_examples": [
    8000.0,
    8000.0,
    8000.0,
    8000.0,
    8000.0
  ],
  "shapley_all": {
    "0": 0.02350590636458565,
    "1": -0.01199870984765552,
    "2": -0.023844482627096035,
    "3": -0.004295132079707901,
    "4": -0.02140824196207878
  },
  "shapley_best_subset": {
    "0": 0.0,
    "1": 0.0,
    "2": -0.023844482627096035,
    "3": 0.0,
    "4": 0.0
  }
}