{
  "round": 2,
  "utility_prev_round": 2.334538649909104,
  "utility_current_global": 2.0690997552268113,
  "num_clients": 5,
  "client_weights_num_examples": [
    8000.0,
    8000.0,
    8000.0,
    8000.0,
    8000.0
  ],
  "shapley_all": {
    "0": -0.0558236923901844,
    "1": -0.0880100700925673,
    "2": -0.01180847863104765,
    "3": -0.07508138262269873,
    "4": -0.034715283017621314
  },
  "shapley_best_subset": {
    "0": 0.0,
    "1": -0.0880100700925673,
    "2": 0.0,
    "3": 0.0,
    "4": 0.0
  }
}