{
  "round": 8,
  "utility_prev_round": 1.9360603939128826,
  "utility_current_global": 1.939402391638937,
  "num_clients": 5,
  "client_weights_num_examples": [
    8000.0,
    8000.0,
    8000.0,
    8000.0,
    8000.0
  ],
  "shapley_all": {
    "0": 0.004713529122026708,
    "1": 0.018563553954981563,
    "2": 0.01151986388717526,
    "3": -0.03894917607810423,
    "4": 0.0076679864010226785
  },
  "shapley_best_subset": {
    "0": 0.0,
    "1": 0.0,
    "2": 0.0,
    "3": -0.03894917607810423,
    "4": 0.0
  }
}