{
  "round": 10,
  "utility_prev_round": 1.909204463415508,
  "utility_current_global": 1.9213663943206207,
  "num_clients": 5,
  "client_weights_num_examples": [
    8000.0,
    8000.0,
    8000.0,
    8000.0,
    8000.0
  ],
  "shapley_all": {
    "0": -0.021036490005782914,
    "1": 0.010129842526802053,
    "2": 0.03453788908222054,
    "3": -0.0158890651248175,
    "4": 0.0044314701345902355
  },
  "shapley_best_subset": {
    "0": -0.021036490005782914,
    "1": 0.0,
    "2": 0.0,
    "3": 0.0,
    "4": 0.0044314701345902355
  }
}