{
  "round": 6,
  "utility_prev_round": 2.0133462646339515,
  "utility_current_global": 1.9669853765753251,
  "num_clients": 5,
  "client_weights_num_examples": [
    8000.0,
    8000.0,
    8000.0,
    8000.0,
    8000.0
  ],
  "shapley_all": {
    "0": -0.024884625678324057,
    "1": -0.024722464476959635,
    "2": 0.006495000390563847,
    "3": -0.011814984540899095,
    "4": 0.008590908342272866
  },
  "shapley_best_subset": {
    "0": -0.024884625678324057,
    "1": -0.024722464476959635,
    "2": 0.0,
    "3": 0.0,
    "4": 0.0
  }
}