{
  "round": 1,
  "utility_prev_round": 0.0,
  "utility_current_global": 2.334538649909104,
  "num_clients": 5,
  "client_weights_num_examples": [
    8000.0,
    8000.0,
    8000.0,
    8000.0,
    8000.0
  ],
  "shapley_all": {
    "0": 0.49534934301416583,
    "1": 0.419712570649159,
    "2": 0.44599985331925657,
    "3": 0.5294322343315254,
    "4": 0.44404466066682396
  },
  "shapley_best_subset": {
    "0": 0.0,
    "1": 0.419712570649159,
    "2": 0.0,
    "3": 0.0,
    "4": 0.0
  }
}