{
  "round": 5,
  "utility_prev_round": 2.0393576214585125,
  "utility_current_global": 2.089952652967429,
  "num_clients": 5,
  "client_weights_num_examples": [
    8000.0,
    8000.0,
    8000.0,
    8000.0,
    8000.0
  ],
  "shapley_all": {
    "0": 0.01066985014621719,
    "1": 0.029972587859077318,
    "2": -0.023339187294119036,
    "3": 0.009652808145128611,
    "4": 0.023638998305244244
  },
  "shapley_best_subset": {
    "0": 0.0,
    "1": 0.0,
    "2": -0.023339187294119036,
    "3": 0.009652808145128611,
    "4": 0.0
  }
}