{
  "round": 2,
  "utility_prev_round": 2.346865159046801,
  "utility_current_global": 2.2121303021153316,
  "num_clients": 5,
  "client_weights_num_examples": [
    8000.0,
    8000.0,
    8000.0,
    8000.0,
    8000.0
  ],
  "shapley_all": {
    "0": -0.02804849011988573,
    "1": -0.037054798220783364,
    "2": -0.030858248195567737,
    "3": -0.04398668531627094,
    "4": 0.005312568678634492
  },
  "shapley_best_subset": {
    "0": -0.02804849011988573,
    "1": 0.0,
    "2": 0.0,
    "3": 0.0,
    "4": 0.0
  }
}