{
  "round": 10,
  "utility_prev_round": 2.106034573120407,
  "utility_current_global": 1.9297052501123162,
  "num_clients": 5,
  "client_weights_num_examples": [
    8000.0,
    8000.0,
    8000.0,
    8000.0,
    8000.0
  ],
  "shapley_all": {
    "0": -0.04125097829078317,
    "1": 0.007438411239833272,
    "2": -0.06391380205436094,
    "3": -0.051703561710406014,
    "4": -0.026868656466278864
  },
  "shapley_best_subset": {
    "0": 0.0,
    "1": 0.007438411239833272,
    "2": -0.06391380205436094,
    "3": 0.0,
    "4": 0.0
  }
}