{
  "round": 7,
  "utility_prev_round": 2.0138828995861586,
  "utility_current_global": 1.9990580383735368,
  "num_clients": 5,
  "client_weights_num_examples": [
    8000.0,
    8000.0,
    8000.0,
    8000.0,
    8000.0
  ],
  "shapley_all": {
    "0": -0.012192538770442329,
    "1": 0.01175837803490553,
    "2": 0.01757723062853275,
    "3": -0.007923311573543675,
    "4": -0.024044592370463812
  },
  "shapley_best_subset": {
    "0": -0.012192538770442329,
    "1": 0.0,
    "2": 0.0,
    "3": 0.0,
    "4": -0.024044592370463812
  }
}