{
  "round": 8,
  "utility_prev_round": 1.9990580383735368,
  "utility_current_global": 2.0280853253376634,
  "num_clients": 5,
  "client_weights_num_examples": [
    8000.0,
    8000.0,
    8000.0,
    8000.0,
    8000.0
  ],
  "shapley_all": {
    "0": -0.0013104449344586877,
    "1": 0.02329846982714486,
    "2": -0.009528817506782103,
    "3": 0.022166834048580997,
    "4": -0.005543285633441308
  },
  "shapley_best_subset": {
    "0": 0.0,
    "1": 0.02329846982714486,
    "2": 0.0,
    "3": 0.0,
    "4": -0.005543285633441308
  }
}