{
  "round": 9,
  "utility_prev_round": 2.0280853253376634,
  "utility_current_global": 2.106034573120407,
  "num_clients": 5,
  "client_weights_num_examples": [
    8000.0,
    8000.0,
    8000.0,
    8000.0,
    8000.0
  ],
  "shapley_all": {
    "0": 0.016104737967881515,
    "1": 0.035011231195071595,
    "2": -0.021643784780542526,
    "3": 0.0285691042489643,
    "4": 0.019966671486947085
  },
  "shapley_best_subset": {
    "0": 0.0,
    "1": 0.0,
    "2": -0.021643784780542526,
    "3": 0.0,
    "4": 0.0
  }
}