{
  "round": 1,
  "utility_prev_round": 0.0,
  "utility_current_global": 2.346865159046801,
  "num_clients": 5,
  "client_weights_num_examples": [
    8000.0,
    8000.0,
    8000.0,
    8000.0,
    8000.0
  ],
  "shapley_all": {
    "0": 0.475099381817041,
    "1": 0.426501421435473,
    "2": 0.4916358261168757,
    "3": 0.48769542295721513,
    "4": 0.4659331429356763
  },
  "shapley_best_subset": {
    "0": 0.0,
    "1": 0.0,
    "2": 0.0,
    "3": 0.0,
    "4": 0.4659331429356763
  }
}