{
  "round": 4,
  "utility_prev_round": 2.159357297269604,
  "utility_current_global": 2.0393576214585125,
  "num_clients": 5,
  "client_weights_num_examples": [
    8000.0,
    8000.0,
    8000.0,
    8000.0,
    8000.0
  ],
  "shapley_all": {
    "0": 0.004238605750763957,
    "1": -0.026616490893223155,
    "2": -0.037161536458172356,
    "3": -0.04771821252404385,
    "4": -0.012759237802481322
  },
  "shapley_best_subset": {
    "0": 0.0,
    "1": -0.026616490893223155,
    "2": 0.0,
    "3": -0.04771821252404385,
    "4": 0.0
  }
}