{
  "round": 6,
  "utility_prev_round": 2.089952652967429,
  "utility_current_global": 2.0138828995861586,
  "num_clients": 5,
  "client_weights_num_examples": [
    8000.0,
    8000.0,
    8000.0,
    8000.0,
    8000.0
  ],
  "shapley_all": {
    "0": -0.028120238921813367,
    "1": -0.012187479266637517,
    "2": -0.015294058564342954,
    "3": -0.0003381212552388657,
    "4": -0.020234653315966692
  },
  "shapley_best_subset": {
    "0": 0.0,
    "1": 0.0,
    "2": 0.0,
    "3": 0.0,
    "4": -0.020234653315966692
  }
}