{
  "round": 3,
  "utility_prev_round": 2.2121303021153316,
  "utility_current_global": 2.159357297269604,
  "num_clients": 5,
  "client_weights_num_examples": [
    8000.0,
    8000.0,
    8000.0,
    8000.0,
    8000.0
  ],
  "shapley_all": {
    "0": -0.01803779888756664,
    "1": 0.005493631644591031,
    "2": -0.03848983637894247,
    "3": 0.0058504918959572695,
    "4": -0.0075894810479400976
  },
  "shapley_best_subset": {
    "0": -0.01803779888756664,
    "1": 0.0,
    "2": 0.0,
    "3": 0.0,
    "4": 0.0
  }
}