{
  "round": 2,
  "utility_prev_round": 2.4031937786295443,
  "utility_current_global": 2.1405493518974206,
  "num_clients": 5,
  "client_weights_num_examples": [
    8000.0,
    8000.0,
    8000.0,
    8000.0,
    8000.0
  ],
  "shapley_all": {
    "0": -0.03756161148538072,
    "1": -0.07857820434409361,
    "2": -0.05096569458643589,
    "3": -0.0537153963801227,
    "4": -0.04182351088222071
  },
  "shapley_best_subset": {
    "0": 0.0,
    "1": -0.07857820434409361,
    "2": 0.0,
    "3": 0.0,
    "4": 0.0
  }
}