{
  "round": 8,
  "utility_prev_round": 2.062846909595441,
  "utility_current_global": 2.091696153713178,
  "num_clients": 5,
  "client_weights_num_examples": [
    8000.0,
    8000.0,
    8000.0,
    8000.0,
    8000.0
  ],
  "shapley_all": {
    "0": 0.0007980483493724118,
    "1": -0.01285963118830813,
    "2": -0.004078512252131605,
    "3": 0.056346661682370396,
    "4": -0.011260128775729438
  },
  "shapley_best_subset": {
    "0": 0.0007980483493724118,
    "1": 0.0,
    "2": 0.0,
    "3": 0.0,
    "4": -0.011260128775729438
  }
}