{
  "round": 6,
  "utility_prev_round": 2.153079663650899,
  "utility_current_global": 2.1107550029513202,
  "num_clients": 5,
  "client_weights_num_examples": [
    8000.0,
    8000.0,
    8000.0,
    8000.0,
    8000.0
  ],
  "shapley_all": {
    "0": -0.0033546611226561293,
    "1": -0.02096040248870845,
    "2": -0.01909255825517556,
    "3": 0.015890917395740577,
    "4": -0.014807880779861955
  },
  "shapley_best_subset": {
    "0": 0.0,
    "1": -0.02096040248870845,
    "2": 0.0,
    "3": 0.0,
    "4": 0.0
  }
}