{
  "round": 7,
  "utility_prev_round": 2.1107550029513202,
  "utility_current_global": 2.062846909595441,
  "num_clients": 5,
  "client_weights_num_examples": [
    8000.0,
    8000.0,
    8000.0,
    8000.0,
    8000.0
  ],
  "shapley_all": {
    "0": -0.006851328123470823,
    "1": -0.0467518865810668,
    "2": -0.010110310814048657,
    "3": 0.01368603781808786,
    "4": 0.0021193807638144086
  },
  "shapley_best_subset": {
    "0": 0.0,
    "1": -0.0467518865810668,
    "2": 0.0,
    "3": 0.0,
    "4": 0.0021193807638144086
  }
}