{
  "round": 9,
  "utility_prev_round": 2.091696153713178,
  "utility_current_global": 1.9933202885374237,
  "num_clients": 5,
  "client_weights_num_examples": [
    8000.0,
    8000.0,
    8000.0,
    8000.0,
    8000.0
  ],
  "shapley_all": {
    "0": -0.010594048731437678,
    "1": -0.008353844020940053,
    "2": 0.009211307437108015,
    "3": -0.00967473334903953,
    "4": -0.07896455405633661
  },
  "shapley_best_subset": {
    "0": -0.010594048731437678,
    "1": 0.0,
    "2": 0.0,
    "3": 0.0,
    "4": -0.07896455405633661
  }
}