{
  "round": 10,
  "utility_prev_round": 1.9933202885374237,
  "utility_current_global": 2.052824755258198,
  "num_clients": 5,
  "client_weights_num_examples": [
    8000.0,
    8000.0,
    8000.0,
    8000.0,
    8000.0
  ],
  "shapley_all": {
    "0": 0.012766479942869073,
    "1": -0.020478975471061908,
    "2": 0.010804367166028254,
    "3": 0.019891890191830745,
    "4": 0.03652068376541134
  },
  "shapley_best_subset": {
    "0": 0.0,
    "1": -0.020478975471061908,
    "2": 0.010804367166028254,
    "3": 0.0,
    "4": 0.0
  }
}