{
  "round": 4,
  "utility_prev_round": 2.0983282614357863,
  "utility_current_global": 2.0791297426706628,
  "num_clients": 5,
  "client_weights_num_examples": [
    8000.0,
    8000.0,
    8000.0,
    8000.0,
    8000.0
  ],
  "shapley_all": {
    "0": 0.01553927866215441,
    "1": 0.004482137603598776,
    "2": -0.02972479696515237,
    "3": 0.0076613661609118274,
    "4": -0.017156510262549763
  },
  "shapley_best_subset": {
    "0": 0.0,
    "1": 0.0,
    "2": -0.02972479696515237,
    "3": 0.0,
    "4": 0.0
  }
}