{
  "round": 1,
  "utility_prev_round": 0.0,
  "utility_current_global": 2.4031937786295443,
  "num_clients": 5,
  "client_weights_num_examples": [
    8000.0,
    8000.0,
    8000.0,
    8000.0,
    8000.0
  ],
  "shapley_all": {
    "0": 0.46223678493298564,
    "1": 0.4614885336236109,
    "2": 0.4833637221956052,
    "3": 0.5358235309898601,
    "4": 0.46028115558221877
  },
  "shapley_best_subset": {
    "0": 0.0,
    "1": 0.0,
    "2": 0.0,
    "3": 0.0,
    "4": 0.46028115558221877
  }
}