{
  "round": 5,
  "utility_prev_round": 2.0791297426706628,
  "utility_current_global": 2.153079663650899,
  "num_clients": 5,
  "client_weights_num_examples": [
    8000.0,
    8000.0,
    8000.0,
    8000.0,
    8000.0
  ],
  "shapley_all": {
    "0": 0.04340625890699626,
    "1": 0.022203643714325358,
    "2": 0.008242363617893005,
    "3": -0.01601639417656368,
    "4": 0.016114051935541947
  },
  "shapley_best_subset": {
    "0": 0.0,
    "1": 0.0,
    "2": 0.0,
    "3": -0.01601639417656368,
    "4": 0.0
  }
}