{
  "round": 3,
  "utility_prev_round": 2.1405493518974206,
  "utility_current_global": 2.0983282614357863,
  "num_clients": 5,
  "client_weights_num_examples": [
    8000.0,
    8000.0,
    8000.0,
    8000.0,
    8000.0
  ],
  "shapley_all": {
    "0": -0.018390842479995482,
    "1": 0.012850492262136156,
    "2": -0.01056737467206473,
    "3": -0.007034016963298839,
    "4": -0.019079360680238005
  },
  "shapley_best_subset": {
    "0": 0.0,
    "1": 0.0,
    "2": -0.01056737467206473,
    "3": 0.0,
    "4": 0.0
  }
}