{
  "accuracy": [
    0.0999,
    0.1869,
    0.1437,
    0.1941,
    0.1916,
    0.1994
  ],
  "loss": [
    2.304861965058725,
    2.1198426228535325,
    2.22586433796943,
    2.081162677535528,
    2.085983083217959,
    2.0703190957443622
  ]
}