{
  "accuracy": [
    0.1,
    0.1117,
    0.1597,
    0.1914,
    0.224,
    0.1859,
    0.2351,
    0.2604,
    0.2447,
    0.2384,
    0.2451
  ],
  "loss": [
    2.3048244367671917,
    2.334362908254696,
    2.2585809834395785,
    2.1152758688866338,
    2.09896315502215,
    2.154193669934816,
    2.018264646771588,
    1.9966722621193416,
    2.026547262940226,
    1.9829864894287497,
    2.022097985955733
  ]
}