{
  "accuracy": [
    0.0996,
    0.1,
    0.1101,
    0.1417,
    0.192,
    0.1931,
    0.1821,
    0.1957,
    0.2068,
    0.2185,
    0.2186
  ],
  "loss": [
    2.303971190995808,
    2.32454387447502,
    2.4101461036295833,
    2.269603469703771,
    2.101574469216262,
    2.1740554405164114,
    2.1282848587519005,
    2.05048586145232,
    2.0598298069796983,
    2.0237879270239723,
    2.064775574056408
  ]
}