{
  "accuracy": [
    0.0961,
    0.1759,
    0.1847,
    0.2254,
    0.1739,
    0.2093,
    0.1942,
    0.2218,
    0.2541,
    0.2411,
    0.2424,
    0.2733,
    0.2437,
    0.2676,
    0.2554,
    0.2338,
    0.198,
    0.2335,
    0.2433,
    0.2531,
    0.261
  ],
  "loss": [
    2.3054856016666077,
    2.2026269888576073,
    2.147682114492489,
    2.180251120012018,
    2.1546212208421927,
    2.050734977178936,
    2.0006436441518085,
    2.073178137405009,
    1.965362328517286,
    1.9941322365893592,
    2.0078472744060467,
    1.9173582264139681,
    1.960556906989858,
    1.9360082843635655,
    1.925994882100745,
    1.9780581676507298,
    2.0800432691091224,
    2.013806118240839,
    2.0633350701271733,
    1.930383025845395,
    2.0121181071559087
  ]
}