{
  "accuracy": [
    0.1,
    0.1435,
    0.158,
    0.182,
    0.2074,
    0.2157,
    0.2263,
    0.2202,
    0.1937,
    0.2106,
    0.2495,
    0.2387,
    0.2471,
    0.2036,
    0.2147,
    0.202,
    0.1931,
    0.2231,
    0.233,
    0.1644,
    0.2199
  ],
  "loss": [
    2.3052077293395996,
    2.202303370342979,
    2.130549856379062,
    2.0850933337513404,
    2.071923664853543,
    2.038050838663608,
    2.005212165132354,
    2.0475665345976624,
    2.0900927344454994,
    2.0746012096163593,
    2.008280382880682,
    2.0294976928566077,
    2.037692091133021,
    2.0546639161773874,
    2.0579573187646987,
    2.047675384750849,
    2.132958294470099,
    2.055923597722114,
    2.040531695643558,
    2.2060626367979412,
    2.027199650112587
  ]
}