{
  "round": 8,
  "utility_prev_round": 1.9961735085596013,
  "utility_current_global": 2.065453274340569,
  "num_clients": 5,
  "client_weights_num_examples": [
    8000.0,
    8000.0,
    8000.0,
    8000.0,
    8000.0
  ],
  "shapley_all": {
    "0": -0.031800618302470086,
    "1": -0.008592677770284666,
    "2": 0.01406546167180506,
    "3": -0.024427085083748214,
    "4": 0.12003820520916071
  },
  "shapley_best_subset": {
    "0": -0.031800618302470086,
    "1": 0.0,
    "2": 0.0,
    "3": -0.024427085083748214,
    "4": 0.0
  }
}