{
  "round": 2,
  "utility_prev_round": 2.3878369934951205,
  "utility_current_global": 2.187639471850818,
  "num_clients": 5,
  "client_weights_num_examples": [
    8000.0,
    8000.0,
    8000.0,
    8000.0,
    8000.0
  ],
  "shapley_all": {
    "0": -0.0810878804967373,
    "1": -0.032257802174564094,
    "2": -0.028229326034899995,
    "3": -0.00380503100181937,
    "4": -0.054722178284126094
  },
  "shapley_best_subset": {
    "0": 0.0,
    "1": 0.0,
    "2": 0.0,
    "3": 0.0,
    "4": -0.054722178284126094
  }
}