{
  "round": 4,
  "utility_prev_round": 2.188653260846681,
  "utility_current_global": 2.09441584876821,
  "num_clients": 5,
  "client_weights_num_examples": [
    8000.0,
    8000.0,
    8000.0,
    8000.0,
    8000.0
  ],
  "shapley_all": {
    "0": -0.06381472806890295,
    "1": -0.04167579070425233,
    "2": -0.029000747153527667,
    "3": 0.025537632437194972,
    "4": 0.014585908807279717
  },
  "shapley_best_subset": {
    "0": -0.06381472806890295,
    "1": 0.0,
    "2": 0.0,
    "3": 0.0,
    "4": 0.0
  }
}