{
  "round": 9,
  "utility_prev_round": 2.065453274340569,
  "utility_current_global": 1.9664137619960158,
  "num_clients": 5,
  "client_weights_num_examples": [
    8000.0,
    8000.0,
    8000.0,
    8000.0,
    8000.0
  ],
  "shapley_all": {
    "0": -0.060569316827798154,
    "1": -0.01796815978826854,
    "2": -0.008856684547939354,
    "3": 0.013948744812092266,
    "4": -0.025744617337416034
  },
  "shapley_best_subset": {
    "0": -0.060569316827798154,
    "1": -0.01796815978826854,
    "2": 0.0,
    "3": 0.0,
    "4": 0.0
  }
}