{
  "round": 5,
  "utility_prev_round": 2.09441584876821,
  "utility_current_global": 2.042990099025678,
  "num_clients": 5,
  "client_weights_num_examples": [
    8000.0,
    8000.0,
    8000.0,
    8000.0,
    8000.0
  ],
  "shapley_all": {
    "0": 0.07420060644672909,
    "1": -0.017632351897436793,
    "2": -0.035389175747014306,
    "3": -0.00658700008432569,
    "4": -0.06603969265137047
  },
  "shapley_best_subset": {
    "0": 0.0,
    "1": 0.0,
    "2": -0.035389175747014306,
    "3": 0.0,
    "4": -0.06603969265137047
  }
}