{
  "round": 10,
  "utility_prev_round": 1.9664137619960158,
  "utility_current_global": 1.9500525797469705,
  "num_clients": 5,
  "client_weights_num_examples": [
    8000.0,
    8000.0,
    8000.0,
    8000.0,
    8000.0
  ],
  "shapley_all": {
    "0": -0.04540796013321056,
    "1": 0.03339169729611043,
    "2": -0.010834611518473624,
    "3": 0.0020233536571389486,
    "4": 0.0045034171659734815
  },
  "shapley_best_subset": {
    "0": -0.04540796013321056,
    "1": 0.0,
    "2": -0.010834611518473624,
    "3": 0.0020233536571389486,
    "4": 0.0045034171659734815
  }
}