{
  "round": 1,
  "utility_prev_round": 0.0,
  "utility_current_global": 2.3878369934951205,
  "num_clients": 5,
  "client_weights_num_examples": [
    8000.0,
    8000.0,
    8000.0,
    8000.0,
    8000.0
  ],
  "shapley_all": {
    "0": 0.44498477661156965,
    "1": 0.45387246523225355,
    "2": 0.5314151875580414,
    "3": 0.47307110225098026,
    "4": 0.4844934648602321
  },
  "shapley_best_subset": {
    "0": 0.44498477661156965,
    "1": 0.0,
    "2": 0.0,
    "3": 0.0,
    "4": 0.0
  }
}