{
  "round": 3,
  "utility_prev_round": 2.187639471850818,
  "utility_current_global": 2.188653260846681,
  "num_clients": 5,
  "client_weights_num_examples": [
    8000.0,
    8000.0,
    8000.0,
    8000.0,
    8000.0
  ],
  "shapley_all": {
    "0": 0.016443144671524575,
    "1": -0.036804125228511606,
    "2": 0.008519549862744776,
    "3": 0.02106581735208563,
    "4": -0.008210633877460526
  },
  "shapley_best_subset": {
    "0": 0.0,
    "1": -0.036804125228511606,
    "2": 0.0,
    "3": 0.0,
    "4": 0.0
  }
}