{
  "round": 6,
  "utility_prev_round": 2.042990099025678,
  "utility_current_global": 1.9961838888216623,
  "num_clients": 5,
  "client_weights_num_examples": [
    8000.0,
    8000.0,
    8000.0,
    8000.0,
    8000.0
  ],
  "shapley_all": {
    "0": -0.03776674170031318,
    "1": -0.013947287340204435,
    "2": 0.017887086908525578,
    "3": -0.0024389720667263564,
    "4": -0.010540339765669466
  },
  "shapley_best_subset": {
    "0": -0.03776674170031318,
    "1": -0.013947287340204435,
    "2": 0.0,
    "3": 0.0,
    "4": 0.0
  }
}