{
  "client_stats": {
    "0": {
      "mean": -4.8,
      "n": 10,
      "std": 3.2930904093942583
    },
    "1": {
      "mean": -3.0,
      "n": 10,
      "std": 2.494438257849294
    },
    "10": {
      "mean": -2.6,
      "n": 10,
      "std": 3.3730961708462712
    },
    "11": {
      "mean": -2.9,
      "n": 10,
      "std": 2.0789954839350235
    },
    "12": {
      "mean": -5.1,
      "n": 10,
      "std": 2.766867462592951
    },
    "13": {
      "mean": -3.4,
      "n": 10,
      "std": 2.2211108331943574
    },
    "14": {
      "mean": -4.1,
      "n": 10,
      "std": 1.9692073983655907
    },
    "15": {
      "mean": -4.3,
      "n": 10,
      "std": 2.110818693198342
    },
    "16": {
      "mean": -3.0,
      "n": 10,
      "std": 2.943920288775949
    },
    "17": {
      "mean": -3.1,
      "n": 10,
      "std": 3.2812599206199233
    },
    "18": {
      "mean": -2.4,
      "n": 10,
      "std": 2.2211108331943574
    },
    "19": {
      "mean": -4.8,
      "n": 10,
      "std": 2.7406406388125952
    },
    "2": {
      "mean": -4.7,
      "n": 10,
      "std": 1.70293863659264
    },
    "3": {
      "mean": -3.6,
      "n": 10,
      "std": 4.115013163202924
    },
    "4": {
      "mean": -3.2,
      "n": 10,
      "std": 4.638007234913623
    },
    "5": {
      "mean": -2.2,
      "n": 10,
      "std": 2.485513584307633
    },
    "6": {
      "mean": -4.5,
      "n": 10,
      "std": 3.719318934070233
    },
    "7": {
      "mean": -2.7,
      "n": 10,
      "std": 3.368151487751767
    },
    "8": {
      "mean": -3.0,
      "n": 10,
      "std": 3.5276684147527875
    },
    "9": {
      "mean": -2.6,
      "n": 10,
      "std": 2.3664319132398464
    }
  },
  "experiment": "qi_attacker-krum",
  "seeds_expected": [
    "seed_00",
    "seed_01",
    "seed_02",
    "seed_03",
    "seed_04",
    "seed_05",
    "seed_06",
    "seed_07",
    "seed_08",
    "seed_09"
  ]
}