{
  "accuracy": [
    0.1014,
    0.1918,
    0.1981,
    0.2053,
    0.1953,
    0.2245,
    0.2276,
    0.2437,
    0.2318,
    0.1892,
    0.2134,
    0.2333,
    0.2445,
    0.2325,
    0.25,
    0.2047,
    0.232,
    0.2271,
    0.2317,
    0.2422,
    0.2285
  ],
  "loss": [
    2.3030414641657964,
    2.0762272394156156,
    2.1328912203824975,
    2.1446377159673955,
    2.05631455892249,
    2.047931580603877,
    2.014284251611444,
    2.0324882947945895,
    1.9703424097616462,
    2.1035177586953853,
    1.9856411505349074,
    2.024682091761239,
    2.0077961426746995,
    2.081737700896927,
    1.9584996821005134,
    2.1503757555273513,
    2.0072917470449134,
    2.069600011728987,
    2.004416772081882,
    1.9873655279980431,
    2.0748428981515428
  ]
}