{
  "accuracy": [
    0.1002,
    0.1245,
    0.1703,
    0.2048,
    0.1826,
    0.1867,
    0.1895,
    0.1996,
    0.2039,
    0.158,
    0.1944
  ],
  "loss": [
    2.303352820722363,
    2.2602195588848257,
    2.148127217836018,
    2.012671134139918,
    2.0636286131943327,
    2.040308576595934,
    2.0561774848382686,
    2.048488023914868,
    2.110880764224861,
    2.0971466348141052,
    2.0103912836388695
  ]
}