{
  "client_stats": {
    "0": {
      "mean": -2.9,
      "n": 10,
      "std": 2.998147576235848
    },
    "1": {
      "mean": -4.3,
      "n": 10,
      "std": 3.917198545446024
    },
    "2": {
      "mean": -1.8,
      "n": 10,
      "std": 1.9888578520235065
    },
    "3": {
      "mean": -1.6,
      "n": 10,
      "std": 2.270584848790187
    },
    "4": {
      "mean": -4.4,
      "n": 10,
      "std": 3.238655413730965
    }
  },
  "experiment": "qi_noniid_fedavg",
  "seeds_expected": [
    "seed_00",
    "seed_01",
    "seed_02",
    "seed_03",
    "seed_04",
    "seed_05",
    "seed_06",
    "seed_07",
    "seed_08",
    "seed_09"
  ]
}