client_id,value
0,2.998147576235848
1,3.917198545446024
2,1.9888578520235065
3,2.270584848790187
4,3.238655413730965