{
  "accuracy": [
    0.1,
    0.1523,
    0.1653,
    0.1833,
    0.2374,
    0.2542,
    0.2491,
    0.2682,
    0.2643,
    0.2561,
    0.2479,
    0.2491,
    0.2358,
    0.2455,
    0.2519,
    0.2591,
    0.2553,
    0.2601,
    0.2678,
    0.2621,
    0.2471
  ],
  "loss": [
    2.3060278620900987,
    2.225767437415787,
    2.1028514798683458,
    2.082803561717649,
    2.0220771922340877,
    1.981671530989152,
    2.0092934158783926,
    1.9383470121818254,
    1.9328820961940139,
    1.9554325025292891,
    1.9445238686815094,
    1.956885342356525,
    2.0016370740117906,
    1.9466401640372941,
    1.9618218156355847,
    1.946877212464055,
    1.9621121159082726,
    1.9478949896896942,
    1.9676063256927683,
    1.9356222303607795,
    1.9860329537452022
  ]
}