{
  "accuracy": [
    0.0999,
    0.1556,
    0.235,
    0.2359,
    0.2328,
    0.2177,
    0.2434,
    0.2465,
    0.2476,
    0.2181,
    0.2254,
    0.1703,
    0.179,
    0.2116,
    0.2272,
    0.2169,
    0.2263,
    0.2488,
    0.2193,
    0.2121,
    0.2506
  ],
  "loss": [
    2.303710880158823,
    2.162336645247061,
    2.0619552603250817,
    1.998960178109664,
    2.048746662803843,
    2.024391753764092,
    2.0131810662112657,
    1.9729907452305662,
    1.9763314316544351,
    2.0696636634536936,
    2.00603613823275,
    2.1420045623296424,
    2.034895269176628,
    2.0040493056743958,
    2.0060473242892494,
    2.005679043033455,
    2.011336685735968,
    1.9959072930903374,
    2.083425915693935,
    2.049122107179859,
    1.9851300595681878
  ]
}