{
  "round": 9,
  "utility_prev_round": 2.0598298069796983,
  "utility_current_global": 2.0237879270239723,
  "num_clients": 5,
  "client_weights_num_examples": [
    8000.0,
    8000.0,
    8000.0,
    8000.0,
    8000.0
  ],
  "shapley_all": {
    "0": 0.09312210238935595,
    "1": -0.03251099616666379,
    "2": -0.00227024218201121,
    "3": -0.04804134570093592,
    "4": -0.04634142696605965
  },
  "shapley_best_subset": {
    "0": 0.0,
    "1": -0.03251099616666379,
    "2": -0.00227024218201121,
    "3": -0.04804134570093592,
    "4": 0.0
  }
}