{
  "round": 8,
  "utility_prev_round": 2.05048586145232,
  "utility_current_global": 2.0598298069796983,
  "num_clients": 5,
  "client_weights_num_examples": [
    8000.0,
    8000.0,
    8000.0,
    8000.0,
    8000.0
  ],
  "shapley_all": {
    "0": 0.014223197643263926,
    "1": -0.0017699418188649692,
    "2": -0.014459559384277594,
    "3": 0.01838570259794404,
    "4": -0.00703552141471242
  },
  "shapley_best_subset": {
    "0": 0.014223197643263926,
    "1": -0.0017699418188649692,
    "2": -0.014459559384277594,
    "3": 0.0,
    "4": -0.00703552141471242
  }
}