{
  "round": 6,
  "utility_prev_round": 2.1740554405164114,
  "utility_current_global": 2.1282848587519005,
  "num_clients": 5,
  "client_weights_num_examples": [
    8000.0,
    8000.0,
    8000.0,
    8000.0,
    8000.0
  ],
  "shapley_all": {
    "0": -0.03258368576629246,
    "1": -0.02964658556105214,
    "2": 0.06900084340622653,
    "3": -0.02452169440466642,
    "4": -0.027960824161642178
  },
  "shapley_best_subset": {
    "0": -0.03258368576629246,
    "1": 0.0,
    "2": 0.0,
    "3": -0.02452169440466642,
    "4": 0.0
  }
}