{
  "round": 1,
  "utility_prev_round": 0.0,
  "utility_current_global": 2.32454387447502,
  "num_clients": 5,
  "client_weights_num_examples": [
    8000.0,
    8000.0,
    8000.0,
    8000.0,
    8000.0
  ],
  "shapley_all": {
    "0": 0.4807374074992247,
    "1": 0.498952430210033,
    "2": 0.40042411778043585,
    "3": 0.4612519123383212,
    "4": 0.4831780096649621
  },
  "shapley_best_subset": {
    "0": 0.0,
    "1": 0.0,
    "2": 0.40042411778043585,
    "3": 0.0,
    "4": 0.0
  }
}