{
  "round": 10,
  "utility_prev_round": 2.0237879270239723,
  "utility_current_global": 2.064775574056408,
  "num_clients": 5,
  "client_weights_num_examples": [
    8000.0,
    8000.0,
    8000.0,
    8000.0,
    8000.0
  ],
  "shapley_all": {
    "0": -0.00891756080876934,
    "1": 0.06375046158641696,
    "2": -0.006477987514769445,
    "3": -0.0068916259435662045,
    "4": -0.0004756629215514785
  },
  "shapley_best_subset": {
    "0": -0.00891756080876934,
    "1": 0.0,
    "2": -0.006477987514769445,
    "3": -0.0068916259435662045,
    "4": 0.0
  }
}