{
  "round": 2,
  "utility_prev_round": 2.32454387447502,
  "utility_current_global": 2.4101461036295833,
  "num_clients": 5,
  "client_weights_num_examples": [
    8000.0,
    8000.0,
    8000.0,
    8000.0,
    8000.0
  ],
  "shapley_all": {
    "0": -0.044843719025704463,
    "1": -0.014747218240665412,
    "2": -0.026858170525434134,
    "3": -0.04975074459228832,
    "4": 0.22180209662843856
  },
  "shapley_best_subset": {
    "0": 0.0,
    "1": 0.0,
    "2": 0.0,
    "3": -0.04975074459228832,
    "4": 0.0
  }
}