{
  "round": 4,
  "utility_prev_round": 2.269603469703771,
  "utility_current_global": 2.101574469216262,
  "num_clients": 5,
  "client_weights_num_examples": [
    8000.0,
    8000.0,
    8000.0,
    8000.0,
    8000.0
  ],
  "shapley_all": {
    "0": -0.030028528352327076,
    "1": -0.03806223617827344,
    "2": -0.03425908928682036,
    "3": -0.015248774526491508,
    "4": -0.050373509815473616
  },
  "shapley_best_subset": {
    "0": 0.0,
    "1": -0.03806223617827344,
    "2": 0.0,
    "3": 0.0,
    "4": -0.050373509815473616
  }
}