{
  "round": 5,
  "utility_prev_round": 2.101574469216262,
  "utility_current_global": 2.1740554405164114,
  "num_clients": 5,
  "client_weights_num_examples": [
    8000.0,
    8000.0,
    8000.0,
    8000.0,
    8000.0
  ],
  "shapley_all": {
    "0": -0.047111398761282404,
    "1": 0.023699104383525026,
    "2": 0.08211121463574432,
    "3": 0.004141476335404818,
    "4": 0.00964058979654118
  },
  "shapley_best_subset": {
    "0": -0.047111398761282404,
    "1": 0.023699104383525026,
    "2": 0.0,
    "3": 0.0,
    "4": 0.0
  }
}