{
  "round": 3,
  "utility_prev_round": 2.4101461036295833,
  "utility_current_global": 2.269603469703771,
  "num_clients": 5,
  "client_weights_num_examples": [
    8000.0,
    8000.0,
    8000.0,
    8000.0,
    8000.0
  ],
  "shapley_all": {
    "0": -0.04100614539681621,
    "1": -0.016732881592295846,
    "2": -0.03153738130497032,
    "3": -0.018141692348673407,
    "4": -0.03312453931896999
  },
  "shapley_best_subset": {
    "0": 0.0,
    "1": 0.0,
    "2": 0.0,
    "3": 0.0,
    "4": -0.03312453931896999
  }
}