{
  "round": 7,
  "utility_prev_round": 2.1282848587519005,
  "utility_current_global": 2.05048586145232,
  "num_clients": 5,
  "client_weights_num_examples": [
    8000.0,
    8000.0,
    8000.0,
    8000.0,
    8000.0
  ],
  "shapley_all": {
    "0": -0.02215670125896905,
    "1": -0.036843992335886845,
    "2": -0.035641372757118955,
    "3": -0.04149519184973675,
    "4": 0.058338300135568254
  },
  "shapley_best_subset": {
    "0": 0.0,
    "1": -0.036843992335886845,
    "2": -0.035641372757118955,
    "3": -0.04149519184973675,
    "4": 0.0
  }
}