{
  "accuracy": [
    0.0979,
    0.1685,
    0.1769,
    0.197,
    0.1637,
    0.1779,
    0.1856,
    0.1751,
    0.2154,
    0.1943,
    0.215,
    0.2177,
    0.2291,
    0.2346,
    0.2328,
    0.2373,
    0.2254,
    0.2055,
    0.2609,
    0.2511,
    0.2215
  ],
  "loss": [
    2.305242432823664,
    2.2061743796626225,
    2.0750429781177377,
    2.113199003135102,
    2.2086837623692768,
    2.1671112639994563,
    2.159129689011393,
    2.2076004471959947,
    2.017687249787246,
    2.101344648795792,
    2.021509769596631,
    1.9966982542713987,
    1.9964701088168952,
    1.9745400072653083,
    2.047243919553636,
    1.9945228990120223,
    2.014710203001771,
    2.1719546438772466,
    1.9722367389292657,
    1.9790437462963635,
    2.083131046234807
  ]
}