{
  "accuracy": [
    0.1,
    0.1382,
    0.247,
    0.2563,
    0.1976,
    0.2443,
    0.1715,
    0.2369,
    0.221,
    0.2163,
    0.2096,
    0.2245,
    0.2368,
    0.2261,
    0.251,
    0.243,
    0.2506,
    0.2294,
    0.2277,
    0.2186,
    0.2303
  ],
  "loss": [
    2.3035317946083937,
    2.19050313249419,
    2.003530541552773,
    1.9943127707590032,
    2.075075774253169,
    1.9769107012809077,
    2.079751886898958,
    1.9916861027101926,
    2.0570387055602253,
    1.98954339570637,
    2.0805815699734267,
    2.0250694721559936,
    2.007909632936309,
    1.9628897844990598,
    1.9937677187255667,
    1.9588953528223159,
    1.9669381802595114,
    1.9888935617253751,
    2.035148958616619,
    2.0455586880068237,
    1.9870833490468278
  ]
}