{
  "round": 10,
  "utility_prev_round": 2.0211816769611985,
  "utility_current_global": 2.013100162337098,
  "num_clients": 5,
  "client_weights_num_examples": [
    8000.0,
    8000.0,
    8000.0,
    8000.0,
    8000.0
  ],
  "shapley_all": {
    "0": 0.016981913218518333,
    "1": -0.02206747119436787,
    "2": -0.0371680742074669,
    "3": 0.0004127317340062886,
    "4": 0.03363141691634421
  },
  "shapley_best_subset": {
    "0": 0.0,
    "1": -0.02206747119436787,
    "2": -0.0371680742074669,
    "3": 0.0,
    "4": 0.0
  }
}