{
  "round": 2,
  "utility_prev_round": 2.3520991440060772,
  "utility_current_global": 2.1613505942912044,
  "num_clients": 5,
  "client_weights_num_examples": [
    8000.0,
    8000.0,
    8000.0,
    8000.0,
    8000.0
  ],
  "shapley_all": {
    "0": -0.08432404094607518,
    "1": -0.051242890036055845,
    "2": 0.012558937123053181,
    "3": -0.04857777970752643,
    "4": -0.019162788220095702
  },
  "shapley_best_subset": {
    "0": -0.08432404094607518,
    "1": 0.0,
    "2": 0.0,
    "3": 0.0,
    "4": 0.0
  }
}