{
  "round": 1,
  "utility_prev_round": 0.0,
  "utility_current_global": 2.3520991440060772,
  "num_clients": 5,
  "client_weights_num_examples": [
    8000.0,
    8000.0,
    8000.0,
    8000.0,
    8000.0
  ],
  "shapley_all": {
    "0": 0.44429100636188473,
    "1": 0.5096706140896438,
    "2": 0.46101910786286704,
    "3": 0.47946846349329886,
    "4": 0.4576499401265559
  },
  "shapley_best_subset": {
    "0": 0.0,
    "1": 0.0,
    "2": 0.0,
    "3": 0.0,
    "4": 0.4576499401265559
  }
}