{
  "round": 7,
  "utility_prev_round": 2.0481132465072824,
  "utility_current_global": 2.0307894613169415,
  "num_clients": 5,
  "client_weights_num_examples": [
    8000.0,
    8000.0,
    8000.0,
    8000.0,
    8000.0
  ],
  "shapley_all": {
    "0": -0.009224196425973163,
    "1": 0.02954218618980436,
    "2": -0.02797735154880243,
    "3": 0.0031238897440304465,
    "4": -0.012784030668846102
  },
  "shapley_best_subset": {
    "0": -0.009224196425973163,
    "1": 0.0,
    "2": 0.0,
    "3": 0.0031238897440304465,
    "4": 0.0
  }
}