{
  "round": 9,
  "utility_prev_round": 2.0085799769510198,
  "utility_current_global": 2.0211816769611985,
  "num_clients": 5,
  "client_weights_num_examples": [
    8000.0,
    8000.0,
    8000.0,
    8000.0,
    8000.0
  ],
  "shapley_all": {
    "0": -0.029751317762624362,
    "1": -0.03577461011299102,
    "2": 0.06025739183908766,
    "3": 0.012604407318533732,
    "4": 0.0052657910037141155
  },
  "shapley_best_subset": {
    "0": -0.029751317762624362,
    "1": 0.0,
    "2": 0.06025739183908766,
    "3": 0.0,
    "4": 0.0
  }
}