{
  "round": 3,
  "utility_prev_round": 2.1613505942912044,
  "utility_current_global": 2.010437263718134,
  "num_clients": 5,
  "client_weights_num_examples": [
    8000.0,
    8000.0,
    8000.0,
    8000.0,
    8000.0
  ],
  "shapley_all": {
    "0": -0.02949031792612516,
    "1": -0.01740553449477833,
    "2": -0.06742951301582759,
    "3": -0.02257405464156271,
    "4": -0.01399875416534362
  },
  "shapley_best_subset": {
    "0": -0.02949031792612516,
    "1": 0.0,
    "2": -0.06742951301582759,
    "3": 0.0,
    "4": 0.0
  }
}