{
  "round": 5,
  "utility_prev_round": 2.0429369754429105,
  "utility_current_global": 2.0118212186837496,
  "num_clients": 5,
  "client_weights_num_examples": [
    8000.0,
    8000.0,
    8000.0,
    8000.0,
    8000.0
  ],
  "shapley_all": {
    "0": -0.027849764159963143,
    "1": 0.02041124276471039,
    "2": -0.009060099406584424,
    "3": -0.010369162971963315,
    "4": -0.004247950350684934
  },
  "shapley_best_subset": {
    "0": -0.027849764159963143,
    "1": 0.0,
    "2": 0.0,
    "3": -0.010369162971963315,
    "4": -0.004247950350684934
  }
}