{
  "round": 4,
  "utility_prev_round": 2.010437263718134,
  "utility_current_global": 2.0429369754429105,
  "num_clients": 5,
  "client_weights_num_examples": [
    8000.0,
    8000.0,
    8000.0,
    8000.0,
    8000.0
  ],
  "shapley_all": {
    "0": -0.03425596776390876,
    "1": 0.08385437691764995,
    "2": 0.0146702942465932,
    "3": -0.04415333919887305,
    "4": 0.012384350541271709
  },
  "shapley_best_subset": {
    "0": -0.03425596776390876,
    "1": 0.0,
    "2": 0.0,
    "3": -0.04415333919887305,
    "4": 0.0
  }
}