{
  "round": 8,
  "utility_prev_round": 2.0307894613169415,
  "utility_current_global": 2.0085799769510198,
  "num_clients": 5,
  "client_weights_num_examples": [
    8000.0,
    8000.0,
    8000.0,
    8000.0,
    8000.0
  ],
  "shapley_all": {
    "0": -0.02715010864322195,
    "1": -0.011895862360040794,
    "2": 0.004015197633187946,
    "3": 0.015177094232181054,
    "4": -0.0022607985428113155
  },
  "shapley_best_subset": {
    "0": 0.0,
    "1": -0.011895862360040794,
    "2": 0.0,
    "3": 0.0,
    "4": -0.0022607985428113155
  }
}