{
  "round": 6,
  "utility_prev_round": 2.0118212186837496,
  "utility_current_global": 2.0481132465072824,
  "num_clients": 5,
  "client_weights_num_examples": [
    8000.0,
    8000.0,
    8000.0,
    8000.0,
    8000.0
  ],
  "shapley_all": {
    "0": 0.02242402245726771,
    "1": 0.004508842999422195,
    "2": 0.01788761188209307,
    "3": 0.014509261962230775,
    "4": -0.023032151495857044
  },
  "shapley_best_subset": {
    "0": 0.0,
    "1": 0.004508842999422195,
    "2": 0.0,
    "3": 0.0,
    "4": -0.023032151495857044
  }
}