{
  "accuracy": [
    0.1001,
    0.1266,
    0.1682,
    0.1319,
    0.153,
    0.2119,
    0.223,
    0.1963,
    0.2059,
    0.2348,
    0.2606,
    0.2024,
    0.2133,
    0.232,
    0.2569,
    0.1888,
    0.2542,
    0.2742,
    0.2449,
    0.2408,
    0.2521
  ],
  "loss": [
    2.3030988264687453,
    2.4582766913160494,
    2.445408664172209,
    2.5799709935731525,
    2.4144652236866047,
    2.1465513706207275,
    2.049057533469381,
    2.0897062322761437,
    2.225539297997197,
    2.124176426778866,
    2.174989519239981,
    2.4893781806849224,
    2.061277184305312,
    2.1269590160514733,
    2.1357927277118347,
    2.205274669429924,
    2.017254243923139,
    1.9954072538810441,
    2.2819087082826637,
    2.1129041246221036,
    2.1123610810388493
  ]
}