{
  "accuracy": [
    0.0999,
    0.1713,
    0.1195,
    0.1588,
    0.1991,
    0.1786,
    0.2148,
    0.1611,
    0.2183,
    0.173,
    0.1961,
    0.1486,
    0.2024,
    0.1963,
    0.1079,
    0.1664,
    0.2292,
    0.174,
    0.1,
    0.1,
    0.1
  ],
  "loss": [
    2.305986775627619,
    2.6941115554374986,
    2.572035966040213,
    2.4389808509923236,
    2.804587346089037,
    2.3916690892811063,
    2.1829936775980117,
    2.469572631618645,
    2.7247085420391226,
    2.8778124972234798,
    2.392189089255997,
    2.2522241073318674,
    2.1360210436808913,
    2.32853981814807,
    2.248176499258114,
    2.725341428684283,
    2.7666298588619957,
    2.382094866112818,
    2.5143844326840172,
    2.7088579014886784,
    2.9225892688654644
  ]
}