{
  "accuracy": [
    0.0836,
    0.1,
    0.1,
    0.1842,
    0.2155,
    0.2414,
    0.1831,
    0.1948,
    0.2525,
    0.2268,
    0.2167,
    0.2748,
    0.2225,
    0.2606,
    0.2962,
    0.246,
    0.2966,
    0.2723,
    0.2578,
    0.2383,
    0.3025
  ],
  "loss": [
    2.3046456650842595,
    2.4675105885614323,
    2.6733627440054204,
    2.2766787402237516,
    2.2505839504773104,
    2.031219835522809,
    2.386354383034042,
    2.483977845952481,
    1.974029557614387,
    2.1593074934392034,
    2.157237357731107,
    2.0255728990216797,
    2.2037466945527475,
    2.1358775579476657,
    1.886747502073457,
    2.148315858237351,
    2.045964301386966,
    2.057983977885186,
    2.2272712007353577,
    2.0231665750093097,
    1.934329248681853
  ]
}