{
  "accuracy": [
    0.1043,
    0.1852,
    0.2411,
    0.1934,
    0.2104,
    0.2293,
    0.2047,
    0.2336,
    0.2399,
    0.218,
    0.2504,
    0.223,
    0.2472,
    0.2006,
    0.2456,
    0.2653,
    0.1868,
    0.2232,
    0.2216,
    0.2499,
    0.2767
  ],
  "loss": [
    2.303793140604526,
    2.1877160615558866,
    2.087414035314246,
    2.0586118501952932,
    2.0472985566416875,
    2.0084960490842407,
    2.058061153073854,
    1.999650473836102,
    1.9694620325595518,
    1.9865932630587229,
    1.938244632527798,
    1.9551468076585214,
    1.936060265649723,
    2.012962982624392,
    1.9398827220820174,
    1.9182293777224384,
    2.062804529938517,
    2.0105098697203623,
    1.9610021325606335,
    1.9290828055973295,
    1.8937116001225724
  ]
}