{
  "accuracy": [
    0.1025,
    0.1015,
    0.2087,
    0.2048,
    0.197,
    0.2259,
    0.183,
    0.2159,
    0.2147,
    0.2355,
    0.1658,
    0.2264,
    0.1257,
    0.2197,
    0.1996,
    0.189,
    0.2052,
    0.2259,
    0.2137,
    0.1837,
    0.2062
  ],
  "loss": [
    2.30534907232357,
    2.419618962686273,
    2.122016689445399,
    2.0785554285290875,
    2.18979454342323,
    2.062310857108877,
    2.0538757541511634,
    2.04833151871645,
    2.0388056884838055,
    2.0124478717393512,
    2.074339933033231,
    2.0294312887553927,
    2.2404462959192974,
    2.0595586284806457,
    2.0684475204612633,
    2.0686179565477976,
    2.087160635598098,
    2.0122940238518052,
    2.0449886231482783,
    2.0896042102499854,
    2.049749993070771
  ]
}