{
  "client_stats": {
    "0": {
      "mean": -3.9,
      "n": 10,
      "std": 3.212821536005731
    },
    "1": {
      "mean": -2.5,
      "n": 10,
      "std": 3.689323936863109
    },
    "2": {
      "mean": -1.6,
      "n": 10,
      "std": 3.470510689285432
    },
    "3": {
      "mean": -2.6,
      "n": 10,
      "std": 2.836272984824353
    },
    "4": {
      "mean": -3.8,
      "n": 10,
      "std": 4.661902329879224
    }
  },
  "experiment": "qi_noniid_fedprox",
  "seeds_expected": [
    "seed_00",
    "seed_01",
    "seed_02",
    "seed_03",
    "seed_04",
    "seed_05",
    "seed_06",
    "seed_07",
    "seed_08",
    "seed_09"
  ]
}