client_id,value
0,3.212821536005731
1,3.689323936863109
2,3.470510689285432
3,2.836272984824353
4,4.661902329879224