{
  "accuracy": [
    0.1,
    0.1399,
    0.1946,
    0.2278,
    0.2092,
    0.2111,
    0.196,
    0.2293,
    0.2039,
    0.2217,
    0.2198,
    0.2357,
    0.2246,
    0.214,
    0.2133,
    0.2178,
    0.1919,
    0.21,
    0.2022,
    0.1584,
    0.2187
  ],
  "loss": [
    2.3048725882663,
    2.2409637306309955,
    2.1053110798702965,
    2.0822851325892193,
    2.1271862953524048,
    2.085598133787324,
    2.0817040265360967,
    2.0707093552698064,
    2.06931358500372,
    2.0124976710428166,
    2.015872303443619,
    2.0488752307771128,
    2.0185929778255995,
    2.046403605726701,
    2.024022109900849,
    2.0504998964599417,
    2.0380783971351915,
    2.0268971240973173,
    2.0517597319204595,
    2.236223054837577,
    2.0617212298550185
  ]
}