{
  "accuracy": [
    0.1,
    0.2106,
    0.1819,
    0.2036,
    0.202,
    0.2107,
    0.2028,
    0.2083,
    0.2065,
    0.2406,
    0.2483,
    0.2726,
    0.2486,
    0.2214,
    0.2293,
    0.2183,
    0.226,
    0.2277,
    0.2633,
    0.2169,
    0.2448
  ],
  "loss": [
    2.305026455770565,
    2.1763163367404212,
    2.174560148504716,
    2.0367371613466285,
    2.081590239005753,
    2.050033065337169,
    2.0153246695482276,
    2.054677586012249,
    2.0766073254090323,
    1.9790724847890153,
    1.9619384475901156,
    2.0190034320082844,
    2.048115226286876,
    2.0708994065658954,
    2.095339329936836,
    2.0252864707874347,
    2.061922580380983,
    2.0263778635218173,
    2.004640402673166,
    2.004373583612563,
    2.0950125304958487
  ]
}