{
  "accuracy": [
    0.0966,
    0.1281,
    0.2074,
    0.1645,
    0.1986,
    0.1963,
    0.2587,
    0.2477,
    0.2473,
    0.2307,
    0.2537,
    0.29,
    0.2962,
    0.2672,
    0.2227,
    0.3071,
    0.2814,
    0.2397,
    0.2239,
    0.3126,
    0.272
  ],
  "loss": [
    2.30457391014582,
    2.6346421332298955,
    2.157048809377453,
    2.2799030285847337,
    2.318015750450424,
    2.0231509269038335,
    2.198599100112915,
    2.2338706164420405,
    2.0779523291165316,
    2.2555744647979736,
    2.083200086521197,
    1.9732456991944132,
    2.174399054503139,
    1.9799399451364446,
    2.206607127491432,
    1.907854143577286,
    2.112976934336409,
    2.3004969282995296,
    2.1275853205330764,
    1.9310355352450022,
    2.0815414552447162
  ]
}