{
  "accuracy": [
    0.0987,
    0.1209,
    0.1727,
    0.1895,
    0.213,
    0.2599,
    0.2861,
    0.2625,
    0.2577,
    0.2557,
    0.2546,
    0.2521,
    0.2357,
    0.2528,
    0.2561,
    0.314,
    0.287,
    0.2882,
    0.2521,
    0.2608,
    0.3139
  ],
  "loss": [
    2.305359626118141,
    2.5375170949139174,
    2.356898965714853,
    2.226281377333629,
    2.282258516625513,
    2.21978333026548,
    2.2273587969285025,
    2.052521344981616,
    2.083022929445098,
    2.048837375037278,
    2.072982137716269,
    2.288063981865026,
    2.0648179567312894,
    2.2178260465211506,
    1.9849316877654837,
    1.9205471518673474,
    1.9672681711897064,
    2.0134081885784485,
    2.1571340244027635,
    1.951176314414302,
    1.9293321959580048
  ]
}