{
  "accuracy": [
    0.1083,
    0.1018,
    0.1617,
    0.1657,
    0.2341,
    0.2104,
    0.2444,
    0.2372,
    0.2515,
    0.2174,
    0.2771
  ],
  "loss": [
    2.3041334906710853,
    2.346865159046801,
    2.2121303021153316,
    2.159357297269604,
    2.0393576214585125,
    2.089952652967429,
    2.0138828995861586,
    1.9990580383735368,
    2.0280853253376634,
    2.106034573120407,
    1.9297052501123162
  ]
}