{
  "accuracy": [
    0.0955,
    0.1762,
    0.1779,
    0.2006,
    0.1982,
    0.2309,
    0.2354,
    0.2148,
    0.2061,
    0.2458,
    0.2301,
    0.2435,
    0.2621,
    0.2289,
    0.2346,
    0.2401,
    0.2542,
    0.2284,
    0.2287,
    0.2441,
    0.2362
  ],
  "loss": [
    2.3054045001162757,
    2.269900895372222,
    2.0728493159330346,
    2.06361596795577,
    2.021288838567613,
    2.0096350712112234,
    2.0316231326211858,
    2.003860380076155,
    1.997290698787834,
    1.9814103524896163,
    1.9921390421782867,
    1.9866009467764745,
    1.9624457525301584,
    2.00281347504145,
    1.9970422666284102,
    1.9816971624953836,
    1.965108097354068,
    2.0421904959256136,
    2.0006143518641024,
    1.9889123168172715,
    1.9880829189397111
  ]
}