{
  "round": 2,
  "utility_prev_round": 2.2602195588848257,
  "utility_current_global": 2.148127217836018,
  "num_clients": 5,
  "client_weights_num_examples": [
    8000.0,
    8000.0,
    8000.0,
    8000.0,
    8000.0
  ],
  "shapley_all": {
    "0": -0.045737361153469845,
    "1": -0.04341946136096357,
    "2": -0.008409445547353329,
    "3": 0.01501164692866661,
    "4": -0.02940476403457703
  },
  "shapley_best_subset": {
    "0": -0.045737361153469845,
    "1": 0.0,
    "2": 0.0,
    "3": 0.0,
    "4": 0.0
  }
}