{
  "round": 9,
  "utility_prev_round": 2.110880764224861,
  "utility_current_global": 2.0971466348141052,
  "num_clients": 5,
  "client_weights_num_examples": [
    8000.0,
    8000.0,
    8000.0,
    8000.0,
    8000.0
  ],
  "shapley_all": {
    "0": 0.016175510008123888,
    "1": -0.016978357814032327,
    "2": -0.01589808343332016,
    "3": 0.018591933662881446,
    "4": -0.015625128816451655
  },
  "shapley_best_subset": {
    "0": 0.0,
    "1": -0.016978357814032327,
    "2": 0.0,
    "3": 0.0,
    "4": -0.015625128816451655
  }
}