{
  "round": 1,
  "utility_prev_round": 0.0,
  "utility_current_global": 2.2602195588848257,
  "num_clients": 5,
  "client_weights_num_examples": [
    8000.0,
    8000.0,
    8000.0,
    8000.0,
    8000.0
  ],
  "shapley_all": {
    "0": 0.44692742663596746,
    "1": 0.4018430753599241,
    "2": 0.5231528221806393,
    "3": 0.4556336844520729,
    "4": 0.4326625593100922
  },
  "shapley_best_subset": {
    "0": 0.44692742663596746,
    "1": 0.0,
    "2": 0.0,
    "3": 0.0,
    "4": 0.0
  }
}