{
  "round": 6,
  "utility_prev_round": 2.040308576595934,
  "utility_current_global": 2.0561774848382686,
  "num_clients": 5,
  "client_weights_num_examples": [
    8000.0,
    8000.0,
    8000.0,
    8000.0,
    8000.0
  ],
  "shapley_all": {
    "0": 0.02791146527865771,
    "1": -0.006824447484962211,
    "2": -0.016602466528928723,
    "3": 0.00441173460916131,
    "4": 0.006875080348067068
  },
  "shapley_best_subset": {
    "0": 0.02791146527865771,
    "1": -0.006824447484962211,
    "2": 0.0,
    "3": 0.0,
    "4": 0.006875080348067068
  }
}