{
  "round": 3,
  "utility_prev_round": 2.148127217836018,
  "utility_current_global": 2.012671134139918,
  "num_clients": 5,
  "client_weights_num_examples": [
    8000.0,
    8000.0,
    8000.0,
    8000.0,
    8000.0
  ],
  "shapley_all": {
    "0": -0.026054129721243175,
    "1": -0.029009882709647904,
    "2": -0.02655860210772815,
    "3": -0.031183608775400332,
    "4": -0.022628608836403417
  },
  "shapley_best_subset": {
    "0": 0.0,
    "1": 0.0,
    "2": -0.02655860210772815,
    "3": 0.0,
    "4": -0.022628608836403417
  }
}