{
  "round": 4,
  "utility_prev_round": 2.012671134139918,
  "utility_current_global": 2.0636286131943327,
  "num_clients": 5,
  "client_weights_num_examples": [
    8000.0,
    8000.0,
    8000.0,
    8000.0,
    8000.0
  ],
  "shapley_all": {
    "0": 0.06953657619057825,
    "1": -0.03161258008409649,
    "2": -0.02088503626328484,
    "3": 0.014278545258920538,
    "4": 0.019587889753816513
  },
  "shapley_best_subset": {
    "0": 0.0,
    "1": -0.03161258008409649,
    "2": 0.0,
    "3": 0.0,
    "4": 0.0
  }
}