{
  "round": 5,
  "utility_prev_round": 2.0636286131943327,
  "utility_current_global": 2.040308576595934,
  "num_clients": 5,
  "client_weights_num_examples": [
    8000.0,
    8000.0,
    8000.0,
    8000.0,
    8000.0
  ],
  "shapley_all": {
    "0": -0.008171018719170113,
    "1": -0.02233895038250638,
    "2": -0.002090509883462088,
    "3": -0.031537099478113895,
    "4": 0.0407969271583397
  },
  "shapley_best_subset": {
    "0": -0.008171018719170113,
    "1": -0.02233895038250638,
    "2": -0.002090509883462088,
    "3": -0.031537099478113895,
    "4": 0.0
  }
}