{
  "round": 10,
  "utility_prev_round": 2.0971466348141052,
  "utility_current_global": 2.0103912836388695,
  "num_clients": 5,
  "client_weights_num_examples": [
    8000.0,
    8000.0,
    8000.0,
    8000.0,
    8000.0
  ],
  "shapley_all": {
    "0": -0.036340775016993725,
    "1": -0.019364806066585437,
    "2": -0.01035667567313466,
    "3": -0.023171062409123314,
    "4": 0.0024121963525120787
  },
  "shapley_best_subset": {
    "0": 0.0,
    "1": 0.0,
    "2": 0.0,
    "3": -0.023171062409123314,
    "4": 0.0
  }
}