{
  "round": 8,
  "utility_prev_round": 2.048488023914868,
  "utility_current_global": 2.110880764224861,
  "num_clients": 5,
  "client_weights_num_examples": [
    8000.0,
    8000.0,
    8000.0,
    8000.0,
    8000.0
  ],
  "shapley_all": {
    "0": 0.03658194491631882,
    "1": 0.008385366729543235,
    "2": 0.02588357004938251,
    "3": 0.004940222536964193,
    "4": -0.013398469550700069
  },
  "shapley_best_subset": {
    "0": 0.0,
    "1": 0.0,
    "2": 0.0,
    "3": 0.0,
    "4": -0.013398469550700069
  }
}