{
  "round": 7,
  "utility_prev_round": 2.0561774848382686,
  "utility_current_global": 2.048488023914868,
  "num_clients": 5,
  "client_weights_num_examples": [
    8000.0,
    8000.0,
    8000.0,
    8000.0,
    8000.0
  ],
  "shapley_all": {
    "0": 0.0020520015607907284,
    "1": 0.018109553121816176,
    "2": 0.012433316737790696,
    "3": -0.006682065971793083,
    "4": -0.03370025731340244
  },
  "shapley_best_subset": {
    "0": 0.0020520015607907284,
    "1": 0.0,
    "2": 0.0,
    "3": 0.0,
    "4": -0.03370025731340244
  }
}