{
  "accuracy": [
    0.1,
    0.1325,
    0.1636,
    0.1438,
    0.1703,
    0.1741,
    0.1977,
    0.214,
    0.2127,
    0.2314,
    0.2258,
    0.2431,
    0.241,
    0.2628,
    0.2733,
    0.2655,
    0.2534,
    0.2843,
    0.2288,
    0.2743,
    0.2432
  ],
  "loss": [
    2.306440477129779,
    2.553518313395826,
    2.235871450810493,
    2.2666811098026325,
    2.355953246732301,
    2.2295583546916142,
    2.2092769477940815,
    2.2537373711791218,
    2.203007559233074,
    2.275943104224869,
    2.103196465516392,
    2.075789118114906,
    2.159049563770053,
    2.084137637403947,
    1.9457792224763315,
    2.127210531053664,
    2.088321047493174,
    1.9380238207080696,
    2.1171062475518334,
    1.935291082044191,
    2.1755307641210435
  ]
}