{
  "experiment": "qi_vs_gtg",
  "round_reduction": "sum",
  "field": "shapley_all",
  "clients": {
    "0": {
      "mean": 0.4112168388879752,
      "std": 0.12117825798092016,
      "n": 10
    },
    "1": {
      "mean": 0.3391559736436933,
      "std": 0.1001230640403524,
      "n": 10
    },
    "2": {
      "mean": 0.39663148290497335,
      "std": 0.06373704344908183,
      "n": 10
    },
    "3": {
      "mean": 0.4189270528006655,
      "std": 0.08752321100512198,
      "n": 10
    },
    "4": {
      "mean": 0.4324586379880141,
      "std": 0.09349109567184423,
      "n": 10
    }
  }
}