{
  "accuracy": [
    0.1167,
    0.159,
    0.1769,
    0.1597,
    0.2086,
    0.2417,
    0.2667,
    0.2373,
    0.2263,
    0.2588,
    0.2426,
    0.2653,
    0.242,
    0.2447,
    0.2764,
    0.2707,
    0.2058,
    0.2515,
    0.267,
    0.272,
    0.2457
  ],
  "loss": [
    2.3051647838157945,
    2.349297556696059,
    2.461777177038072,
    2.4082109837592403,
    2.2857310168350797,
    2.4564373221578477,
    2.1994909787479835,
    2.17475016811226,
    2.31741052036044,
    2.096979619581488,
    2.1245832745032973,
    2.1290525665766076,
    2.4664187461515015,
    2.1278971644896494,
    2.130843456787399,
    2.468438848664489,
    2.1297126857540274,
    2.0984681195850614,
    2.0399179986760587,
    2.2910192405121235,
    2.078613735452483
  ]
}