{
  "accuracy": [
    0.0951,
    0.1536,
    0.179,
    0.2503,
    0.262,
    0.2603,
    0.2151,
    0.2369,
    0.25,
    0.2717,
    0.2618,
    0.2485,
    0.2735,
    0.214,
    0.2584,
    0.2567,
    0.2564,
    0.2782,
    0.2682,
    0.2594,
    0.2549
  ],
  "loss": [
    2.3067590858362896,
    2.2586330854440035,
    2.081904598429233,
    2.0074459238897395,
    1.9393291156503218,
    1.9670540154734744,
    1.9653458233121075,
    1.9690100799632977,
    1.933626049681555,
    1.913545029072822,
    1.8930139028573338,
    1.9529926641077935,
    1.899206596084788,
    2.0198495312582088,
    1.9312755412693265,
    1.9469887033293518,
    1.9195042094097863,
    1.9023643400095687,
    1.8826880862441244,
    1.939161237282089,
    1.9143041085593309
  ]
}