{
  "accuracy": [
    0.1,
    0.1216,
    0.2041,
    0.2301,
    0.2167,
    0.239,
    0.2607,
    0.2622,
    0.2443,
    0.2627,
    0.24,
    0.2387,
    0.2287,
    0.2023,
    0.1802,
    0.2328,
    0.2396,
    0.1465,
    0.22,
    0.2216,
    0.2066
  ],
  "loss": [
    2.304946633833873,
    2.2742747687086275,
    2.104029238978519,
    2.140949617458295,
    2.0482459309734877,
    2.004367651818674,
    2.0045933979976027,
    1.9770788437203517,
    1.9839167655268801,
    1.9780060958258714,
    1.976449524300008,
    1.9911378274990033,
    1.9873426896107347,
    2.0468171955663945,
    2.1419941865945162,
    2.000938352150253,
    2.0071022088014625,
    2.237839584109149,
    2.0518594361558744,
    2.0057381451884404,
    2.0808470490612563
  ]
}