{
  "accuracy": [
    0.0997,
    0.1593,
    0.1403,
    0.208,
    0.2384,
    0.2384,
    0.2178,
    0.2111,
    0.235,
    0.2105,
    0.2275,
    0.2363,
    0.2282,
    0.2446,
    0.2231,
    0.2348,
    0.2345,
    0.225,
    0.23,
    0.1995,
    0.2315
  ],
  "loss": [
    2.3071811380265634,
    2.2311683727216116,
    2.2319763551784466,
    2.1209672583809382,
    2.020722165892396,
    2.0421675322931025,
    2.061181509042088,
    2.0059129920186876,
    2.009677698340597,
    2.035250112980227,
    1.9960577789741227,
    1.9799981630301173,
    1.9764245084569425,
    1.96983279608473,
    2.0172786712646484,
    2.001752621010889,
    2.0298314124723023,
    2.036176117160652,
    2.000472183468976,
    2.0835683315615112,
    2.0100363311888296
  ]
}