{
  "accuracy": [
    0.0956,
    0.1497,
    0.1838,
    0.1875,
    0.2057,
    0.1533,
    0.1396,
    0.1958,
    0.2054,
    0.1787,
    0.1334,
    0.145,
    0.1171,
    0.1538,
    0.1687,
    0.1714,
    0.1817,
    0.1207,
    0.1974,
    0.2019,
    0.1755
  ],
  "loss": [
    2.3045801180827468,
    2.2560454803177072,
    2.0576759742785105,
    2.1202298810210407,
    2.0594214050075674,
    2.2528465307211576,
    2.2388144233558753,
    2.096342405186424,
    2.0529358356813843,
    2.096121730683725,
    2.2645133718659607,
    2.2350482337082487,
    2.3458759271645846,
    2.2022729583933383,
    2.1549456511871723,
    2.1806965115704116,
    2.132734005964255,
    2.269361981862708,
    2.125397935698304,
    2.1097383951839013,
    2.1669205894953087
  ]
}