{
  "accuracy": [
    0.0999,
    0.1577,
    0.1494,
    0.1802,
    0.2171,
    0.1645,
    0.2247,
    0.2291,
    0.2038,
    0.1926,
    0.2137,
    0.2193,
    0.1136,
    0.1868,
    0.196,
    0.2327,
    0.1779,
    0.1658,
    0.1911,
    0.209,
    0.1821
  ],
  "loss": [
    2.3032947129841093,
    2.281328524215312,
    2.244745480863354,
    2.1455312620235394,
    2.0795561603352994,
    2.155356090280074,
    2.017872003060353,
    2.052314723594279,
    2.0373256523397902,
    2.1038531940194627,
    2.0459784752205956,
    2.0372214830374418,
    2.8854010014594356,
    2.107446797286408,
    2.019098834146427,
    2.0498232811312134,
    2.0968661308288574,
    2.1806803775739065,
    2.057049360456346,
    2.04071456118475,
    2.1330257367484178
  ]
}