{
  "accuracy": [
    0.1,
    0.1698,
    0.1754,
    0.1645,
    0.1696,
    0.2349,
    0.1948,
    0.2079,
    0.2144,
    0.2312,
    0.2482,
    0.2535,
    0.2216,
    0.2397,
    0.2412,
    0.2637,
    0.2415,
    0.2117,
    0.2305,
    0.2369,
    0.2359
  ],
  "loss": [
    2.3068287825282616,
    2.2012830203092553,
    2.174561627303498,
    2.3808769274361525,
    2.166084449502486,
    2.018284986290751,
    2.111595211149771,
    2.0242338135272644,
    2.0226556334314467,
    2.017583490927008,
    2.008111285257943,
    1.9604513177388831,
    2.0000333242778536,
    2.025141331213939,
    1.9977531795260273,
    2.0623736004286175,
    2.011979299255564,
    2.076961675776711,
    2.0761974235124225,
    2.0185595313204994,
    2.0250831751883784
  ]
}