{
  "accuracy": [
    0.1002,
    0.1441,
    0.1684,
    0.1889,
    0.2088,
    0.1997,
    0.162,
    0.1893,
    0.1819,
    0.1954,
    0.1954,
    0.22,
    0.2291,
    0.2323,
    0.2414,
    0.1917,
    0.222,
    0.2169,
    0.2096,
    0.2238,
    0.2287
  ],
  "loss": [
    2.3064377398430547,
    2.227459970908829,
    2.093570344055755,
    2.0673288831227943,
    2.054255784312381,
    2.020811236357387,
    2.0567728220661983,
    2.0397635064547575,
    2.062405094315734,
    2.046302875386009,
    2.04944779752176,
    2.0005665444120577,
    1.9901533594614342,
    1.9723556509500817,
    1.9654754581330698,
    2.0534526773645907,
    2.0353176488152034,
    1.999646618396421,
    1.9926170065433164,
    1.9291847763182242,
    2.0127235696285584
  ]
}