{
  "accuracy": [
    0.0999,
    0.1613,
    0.1482,
    0.2605,
    0.2543,
    0.2709,
    0.2196,
    0.2329,
    0.2155,
    0.2245,
    0.2326,
    0.2473,
    0.2044,
    0.2599,
    0.1902,
    0.2452,
    0.2626,
    0.2613,
    0.2014,
    0.2447,
    0.2482
  ],
  "loss": [
    2.3047315591498267,
    2.151245935053765,
    2.2695074322857436,
    1.9368981998178023,
    1.9618472057052805,
    1.9390888817702667,
    2.066909485225436,
    2.0692344481431983,
    2.030762770507909,
    2.0279703185528137,
    1.975213681595235,
    1.944540287874922,
    2.0816085051886644,
    1.9383783823327174,
    2.02292768864692,
    2.006366092947465,
    1.9738721047775656,
    1.9574833866916126,
    2.0335070000419133,
    1.9954422606697566,
    1.9852874052675464
  ]
}