{
  "accuracy": [
    0.1,
    0.1,
    0.2303,
    0.1907,
    0.2492,
    0.2153,
    0.2554,
    0.2551,
    0.258,
    0.2748,
    0.2737
  ],
  "loss": [
    2.3043931737730774,
    2.334538649909104,
    2.0690997552268113,
    2.0309319073640846,
    2.0076097929024996,
    2.0133462646339515,
    1.9669853765753251,
    1.9360603939128826,
    1.939402391638937,
    1.909204463415508,
    1.9213663943206207
  ]
}