{
  "round": 10,
  "utility_prev_round": 1.9829864894287497,
  "utility_current_global": 2.022097985955733,
  "num_clients": 5,
  "client_weights_num_examples": [
    8000.0,
    8000.0,
    8000.0,
    8000.0,
    8000.0
  ],
  "shapley_all": {
    "0": 0.03001324652619503,
    "1": -0.007398589401808494,
    "2": -0.0066367652345809955,
    "3": 0.011853442212197403,
    "4": 0.011280163933959201
  },
  "shapley_best_subset": {
    "0": 0.0,
    "1": -0.007398589401808494,
    "2": 0.0,
    "3": 0.011853442212197403,
    "4": 0.0
  }
}