{
  "round": 1,
  "utility_prev_round": 0.0,
  "utility_current_global": 2.334362908254696,
  "num_clients": 5,
  "client_weights_num_examples": [
    8000.0,
    8000.0,
    8000.0,
    8000.0,
    8000.0
  ],
  "shapley_all": {
    "0": 0.4689160834887864,
    "1": 0.42506382601170595,
    "2": 0.45811846900086856,
    "3": 0.5129865424542487,
    "4": 0.4692391228575244
  },
  "shapley_best_subset": {
    "0": 0.0,
    "1": 0.42506382601170595,
    "2": 0.0,
    "3": 0.0,
    "4": 0.0
  }
}