{
  "round": 6,
  "utility_prev_round": 2.154193669934816,
  "utility_current_global": 2.018264646771588,
  "num_clients": 5,
  "client_weights_num_examples": [
    8000.0,
    8000.0,
    8000.0,
    8000.0,
    8000.0
  ],
  "shapley_all": {
    "0": -0.019744905339011652,
    "1": -0.05536887590392225,
    "2": 0.010980248400933694,
    "3": -0.0430555243029372,
    "4": -0.02873998261705226
  },
  "shapley_best_subset": {
    "0": -0.019744905339011652,
    "1": -0.05536887590392225,
    "2": 0.0,
    "3": 0.0,
    "4": 0.0
  }
}