{
  "round": 9,
  "utility_prev_round": 2.026547262940226,
  "utility_current_global": 1.9829864894287497,
  "num_clients": 5,
  "client_weights_num_examples": [
    8000.0,
    8000.0,
    8000.0,
    8000.0,
    8000.0
  ],
  "shapley_all": {
    "0": -0.02312723373058984,
    "1": -0.004604158572506815,
    "2": -0.010989197849724386,
    "3": -0.04395913589855794,
    "4": 0.03907207129876823
  },
  "shapley_best_subset": {
    "0": -0.02312723373058984,
    "1": 0.0,
    "2": 0.0,
    "3": -0.04395913589855794,
    "4": 0.0
  }
}