{
  "round": 7,
  "utility_prev_round": 2.018264646771588,
  "utility_current_global": 1.9966722621193416,
  "num_clients": 5,
  "client_weights_num_examples": [
    8000.0,
    8000.0,
    8000.0,
    8000.0,
    8000.0
  ],
  "shapley_all": {
    "0": 0.002995358589832279,
    "1": -0.018892693066898825,
    "2": 0.0028416978659005165,
    "3": -0.0453094723355419,
    "4": 0.03681943230488126
  },
  "shapley_best_subset": {
    "0": 0.002995358589832279,
    "1": 0.0,
    "2": 0.0,
    "3": -0.0453094723355419,
    "4": 0.0
  }
}