{
  "round": 3,
  "utility_prev_round": 2.2585809834395785,
  "utility_current_global": 2.1152758688866338,
  "num_clients": 5,
  "client_weights_num_examples": [
    8000.0,
    8000.0,
    8000.0,
    8000.0,
    8000.0
  ],
  "shapley_all": {
    "0": 0.015406051315838772,
    "1": -0.04219621067811677,
    "2": -0.05970739075906165,
    "3": -0.015160730619470823,
    "4": -0.04173390156106108
  },
  "shapley_best_subset": {
    "0": 0.0,
    "1": 0.0,
    "2": 0.0,
    "3": 0.0,
    "4": -0.04173390156106108
  }
}