{
  "round": 8,
  "utility_prev_round": 1.9966722621193416,
  "utility_current_global": 2.026547262940226,
  "num_clients": 5,
  "client_weights_num_examples": [
    8000.0,
    8000.0,
    8000.0,
    8000.0,
    8000.0
  ],
  "shapley_all": {
    "0": 0.14232202144614756,
    "1": -0.055072753892166176,
    "2": -0.008832669409015555,
    "3": -0.025766810787377924,
    "4": -0.022849743024206275
  },
  "shapley_best_subset": {
    "0": 0.0,
    "1": -0.055072753892166176,
    "2": 0.0,
    "3": 0.0,
    "4": -0.022849743024206275
  }
}