{
  "round": 5,
  "utility_prev_round": 2.09896315502215,
  "utility_current_global": 2.154193669934816,
  "num_clients": 5,
  "client_weights_num_examples": [
    8000.0,
    8000.0,
    8000.0,
    8000.0,
    8000.0
  ],
  "shapley_all": {
    "0": 0.06768319606781009,
    "1": -0.03832419839086423,
    "2": 0.030807544460779497,
    "3": -0.028181429452533886,
    "4": 0.023245400718495974
  },
  "shapley_best_subset": {
    "0": 0.0,
    "1": -0.03832419839086423,
    "2": 0.0,
    "3": -0.028181429452533886,
    "4": 0.0
  }
}