{
  "round": 4,
  "utility_prev_round": 2.1152758688866338,
  "utility_current_global": 2.09896315502215,
  "num_clients": 5,
  "client_weights_num_examples": [
    8000.0,
    8000.0,
    8000.0,
    8000.0,
    8000.0
  ],
  "shapley_all": {
    "0": 0.0015333140952676905,
    "1": -0.03395719030235376,
    "2": -0.013852600759594809,
    "3": 0.009474582561460766,
    "4": 0.02050045492276864
  },
  "shapley_best_subset": {
    "0": 0.0,
    "1": 0.0,
    "2": -0.013852600759594809,
    "3": 0.0,
    "4": 0.0
  }
}