{
  "round": 2,
  "utility_prev_round": 2.334362908254696,
  "utility_current_global": 2.2585809834395785,
  "num_clients": 5,
  "client_weights_num_examples": [
    8000.0,
    8000.0,
    8000.0,
    8000.0,
    8000.0
  ],
  "shapley_all": {
    "0": -0.053693347942979974,
    "1": -0.0009781427524259958,
    "2": -0.0463997194535622,
    "3": 0.046950569032113705,
    "4": -0.02166130180600321
  },
  "shapley_best_subset": {
    "0": -0.053693347942979974,
    "1": 0.0,
    "2": 0.0,
    "3": 0.0,
    "4": 0.0
  }
}