{
  "accuracy": [
    0.1,
    0.1004,
    0.2008,
    0.1869,
    0.209,
    0.215,
    0.2501,
    0.2251,
    0.2331,
    0.2176,
    0.238,
    0.2558,
    0.2473,
    0.2367,
    0.2547,
    0.2289,
    0.2801,
    0.27,
    0.2524,
    0.2586,
    0.2722
  ],
  "loss": [
    2.3051116375983516,
    2.316155726396585,
    2.1484324087070514,
    2.1363722070862976,
    2.070026397705078,
    2.0985184425040138,
    1.996344450153882,
    2.044027117234242,
    2.038915056216566,
    2.0397328817391696,
    1.9739096768294708,
    1.9608643824541117,
    2.0511464997182918,
    2.115749159945717,
    2.0715228470065927,
    2.0347735640368882,
    1.9339499971534633,
    1.9381584532653229,
    2.019652983810328,
    2.005359821681735,
    1.958722091928313
  ]
}