{
  "client_stats": {
    "0": {
      "mean": -2.9,
      "n": 10,
      "std": 3.725288952252936
    },
    "1": {
      "mean": -3.9,
      "n": 10,
      "std": 1.9119507199599983
    },
    "2": {
      "mean": -4.0,
      "n": 10,
      "std": 2.260776661041756
    },
    "3": {
      "mean": -1.1,
      "n": 10,
      "std": 3.6040101122068027
    },
    "4": {
      "mean": -1.9,
      "n": 10,
      "std": 2.960855732160327
    }
  },
  "experiment": "qi_fedavg",
  "seeds_expected": [
    "seed_00",
    "seed_01",
    "seed_02",
    "seed_03",
    "seed_04",
    "seed_05",
    "seed_06",
    "seed_07",
    "seed_08",
    "seed_09"
  ]
}