client_id,value
0,3.725288952252936
1,1.9119507199599983
2,2.260776661041756
3,3.6040101122068027
4,2.960855732160327