{
  "accuracy": [
    0.1251,
    0.1082,
    0.17,
    0.2618,
    0.2329,
    0.2601,
    0.2496,
    0.231,
    0.2242,
    0.2268,
    0.2446
  ],
  "loss": [
    2.3039297604862647,
    2.3520991440060772,
    2.1613505942912044,
    2.010437263718134,
    2.0429369754429105,
    2.0118212186837496,
    2.0481132465072824,
    2.0307894613169415,
    2.0085799769510198,
    2.0211816769611985,
    2.013100162337098
  ]
}