{
  "accuracy": [
    0.1,
    0.1001,
    0.1723,
    0.1994,
    0.2299,
    0.1973,
    0.2288,
    0.2702,
    0.2276,
    0.2467,
    0.2644
  ],
  "loss": [
    2.3050914474680453,
    2.3878369934951205,
    2.187639471850818,
    2.188653260846681,
    2.09441584876821,
    2.042990099025678,
    1.9961838888216623,
    1.9961735085596013,
    2.065453274340569,
    1.9664137619960158,
    1.9500525797469705
  ]
}