{
  "accuracy": [
    0.1003,
    0.1,
    0.1488,
    0.1759,
    0.24,
    0.2568,
    0.2491,
    0.2687,
    0.2511,
    0.2444,
    0.2227,
    0.2686,
    0.2611,
    0.2874,
    0.2711,
    0.2919,
    0.2792,
    0.2741,
    0.3118,
    0.3051,
    0.241
  ],
  "loss": [
    2.304347219346445,
    2.4972346583499183,
    2.345395990564853,
    2.1200034920173354,
    2.0489804548553274,
    2.3399440759344947,
    2.4257924798168715,
    1.978336071666283,
    1.9457917153080808,
    2.2351655990262573,
    1.977939952777911,
    1.9257626095904579,
    2.0740439544750164,
    2.0057811767240112,
    2.103143498867373,
    1.908010802691496,
    2.0034690416311918,
    1.9693972973883906,
    1.8679847687105589,
    1.8498196677316594,
    2.018875336345238
  ]
}