{
  "accuracy": [
    0.1,
    0.1356,
    0.1402,
    0.1543,
    0.2205,
    0.2214,
    0.1647,
    0.2579,
    0.2787,
    0.2319,
    0.243,
    0.2013,
    0.2314,
    0.2881,
    0.2269,
    0.2442,
    0.249,
    0.267,
    0.2843,
    0.2915,
    0.2552
  ],
  "loss": [
    2.3045098570328726,
    2.3423337996760503,
    2.4117295017725304,
    2.3795998488800434,
    2.1825495731981497,
    2.4330073338520677,
    2.302699362175374,
    1.9682563452781001,
    1.9902763577956188,
    2.174250201333927,
    2.4090520641471764,
    2.3724658096892925,
    2.1294910937924927,
    1.9215293911438953,
    2.373411589030978,
    2.1993620425839966,
    2.4275299386133122,
    2.0251196743566777,
    1.9648590676392181,
    1.9378985966308206,
    2.295372093780131
  ]
}