{
  "accuracy": [
    0.1019,
    0.1384,
    0.1475,
    0.1572,
    0.1409,
    0.1767,
    0.1903,
    0.1593,
    0.1794,
    0.2065,
    0.1896,
    0.1959,
    0.1669,
    0.1485,
    0.1,
    0.1247,
    0.1708,
    0.1822,
    0.1482,
    0.1878,
    0.1544
  ],
  "loss": [
    2.30319849448868,
    2.5531462234786795,
    2.6320927837226966,
    2.8161466785624056,
    2.60066946246956,
    2.4339485772048373,
    2.492548354064362,
    2.5359468520442143,
    2.4473508249355267,
    2.4093247908580153,
    2.368091444425945,
    2.6219733576231365,
    2.5287370500685293,
    2.480469570884222,
    2.7154639129397236,
    2.589791276786901,
    2.6856987868683246,
    2.8148339277581322,
    2.5928144454956055,
    2.525410908686964,
    2.4338261296477497
  ]
}