{
  "accuracy": [
    0.1,
    0.1244,
    0.1357,
    0.1695,
    0.2175,
    0.2179,
    0.1623,
    0.1794,
    0.2153,
    0.2193,
    0.2161,
    0.1903,
    0.2004,
    0.2131,
    0.222,
    0.188,
    0.2138,
    0.1952,
    0.1804,
    0.1854,
    0.2041
  ],
  "loss": [
    2.3039931919001324,
    2.6530202219757855,
    2.658735700800449,
    2.2766651050953923,
    2.509698716900017,
    2.4111269516280935,
    2.543042493771903,
    2.2249437676200383,
    2.4905857768239854,
    2.593023544625391,
    2.6167265493658523,
    2.660597004467928,
    2.638375937184201,
    2.5043372323241413,
    2.3977329972424086,
    2.6076161801060542,
    2.5475922777682922,
    2.5997810514667368,
    2.2568950230562232,
    2.245782381371607,
    2.640480735633947
  ]
}