{
  "accuracy": [
    0.0997,
    0.1174,
    0.158,
    0.1614,
    0.1844,
    0.1945,
    0.1678,
    0.1573,
    0.1608,
    0.1761,
    0.1694,
    0.1837,
    0.2011,
    0.235,
    0.2123,
    0.2015,
    0.173,
    0.1895,
    0.1855,
    0.2025,
    0.1783
  ],
  "loss": [
    2.3058587086351614,
    2.6370610647563693,
    2.6621343666994117,
    2.5391945506952984,
    2.2608357833910593,
    2.4118716777125493,
    2.2508730103697956,
    2.670830430863779,
    2.3561375292041635,
    2.564480331879628,
    2.3870414118223553,
    2.3668288852595074,
    2.3217808777772926,
    2.6584727613231802,
    2.147766155532644,
    2.3011708138864253,
    2.3618426594553115,
    2.1804939312270926,
    2.3837269921846027,
    2.129577847975719,
    2.2781794101377075
  ]
}