{
  "accuracy": [
    0.1,
    0.1001,
    0.1818,
    0.2225,
    0.2003,
    0.2534,
    0.2296,
    0.2407,
    0.2518,
    0.2303,
    0.2526
  ],
  "loss": [
    2.3057554884801936,
    2.357164781304854,
    2.2181051954438415,
    2.1010044451001324,
    2.1032835320581365,
    2.027979548973373,
    1.9484254287768015,
    1.9956668132468114,
    1.9909786619717562,
    2.010330343548256,
    1.9829100249688836
  ]
}