{
  "accuracy": [
    0.0994,
    0.1304,
    0.1,
    0.1674,
    0.1425,
    0.2064,
    0.1683,
    0.1791,
    0.2084,
    0.19,
    0.1984,
    0.2185,
    0.1884,
    0.2326,
    0.2013,
    0.2136,
    0.1723,
    0.1893,
    0.1934,
    0.2049,
    0.2051
  ],
  "loss": [
    2.3049209932737713,
    2.5669804736028743,
    2.5168073328235483,
    2.5077774373790884,
    2.3033120828338816,
    2.3937516061565542,
    2.389623397513281,
    2.4075032789495925,
    2.288149963451337,
    2.41689164729058,
    2.3453155197674715,
    2.3950284462940843,
    2.4225626323796527,
    2.115933994703655,
    2.480636110788659,
    2.5015372354773024,
    2.4093710682060143,
    2.4837634985959984,
    2.4969710519042194,
    2.2299078567118586,
    2.4205594636216947
  ]
}