{
  "accuracy": [
    0.1002,
    0.1,
    0.1678,
    0.1617,
    0.193,
    0.1714,
    0.1616,
    0.1813,
    0.2067,
    0.1837,
    0.2059
  ],
  "loss": [
    2.304167186157613,
    2.356095839150344,
    2.1790411381781856,
    2.220221121099931,
    2.078058612497547,
    2.1528680897966215,
    2.1847962186306336,
    2.0882629337190073,
    2.0298506413834003,
    2.0676036997686458,
    2.0368507029135015
  ]
}