{
  "accuracy": [
    0.0951,
    0.0999,
    0.1835,
    0.1753,
    0.1894,
    0.1966,
    0.1875,
    0.1762,
    0.1955,
    0.215,
    0.1964,
    0.1995,
    0.219,
    0.2105,
    0.2407,
    0.2379,
    0.2296,
    0.2122,
    0.2192,
    0.23,
    0.2162
  ],
  "loss": [
    2.303481992286972,
    2.371234027645256,
    2.0878970954991596,
    2.069279687314094,
    2.036405730851089,
    2.042644042003004,
    2.074108994459804,
    2.0773591391647916,
    2.089686138720452,
    2.0240212392203416,
    2.0237843069849135,
    2.0399547257000887,
    2.000819746452042,
    2.009712545177605,
    1.976428154148633,
    1.9718804480154304,
    1.9808072787296922,
    2.02341366719596,
    1.9851551025728635,
    1.9658041090904912,
    1.9684389980533454
  ]
}