{
  "accuracy": [
    0.1,
    0.1382,
    0.1822,
    0.2317,
    0.2402,
    0.2309,
    0.2436,
    0.2488,
    0.2262,
    0.2206,
    0.2592,
    0.2284,
    0.2466,
    0.2282,
    0.2344,
    0.2162,
    0.1969,
    0.2071,
    0.1215,
    0.2225,
    0.212
  ],
  "loss": [
    2.3041938377332083,
    2.2258137207996995,
    2.173211278794687,
    2.0220694979534874,
    2.006736675395241,
    2.0455196507369418,
    1.9861862146401708,
    1.9942193197298654,
    2.059785341914696,
    2.0520880735373197,
    2.0201118218747873,
    2.049224040176295,
    1.9982783009734335,
    2.013010513933399,
    2.0080852387826655,
    2.0312996257709552,
    2.0672074148926556,
    2.0605311574815195,
    2.3327120708513864,
    2.0293989875648597,
    2.0619686283642733
  ]
}