{
  "accuracy": [
    0.102,
    0.1087,
    0.1607,
    0.1829,
    0.2265,
    0.2379
  ],
  "loss": [
    2.3043918669978276,
    2.2858975325958637,
    2.2098048457616493,
    2.1420860773400414,
    2.094223789021939,
    2.0374601143824904
  ]
}