{
  "accuracy": [
    0.0999,
    0.1025,
    0.2269,
    0.2182,
    0.2321,
    0.2212
  ],
  "loss": [
    2.3052874335759803,
    2.3489081135279015,
    2.09699071208133,
    2.073655958417096,
    2.0293153931822956,
    2.014966853057282
  ]
}