{
  "round": 5,
  "utility_prev_round": 2.1032835320581365,
  "utility_current_global": 2.027979548973373,
  "num_clients": 5,
  "client_weights_num_examples": [
    8000.0,
    8000.0,
    8000.0,
    8000.0,
    8000.0
  ],
  "shapley_all": {
    "0": -0.0015134418061010753,
    "1": -0.029583338141944367,
    "2": 0.005063238224399683,
    "3": -0.031989330128778436,
    "4": -0.017506535495886846
  },
  "shapley_best_subset": {
    "0": 0.0,
    "1": -0.029583338141944367,
    "2": 0.0,
    "3": 0.0,
    "4": 0.0
  }
}