{
  "round": 9,
  "utility_prev_round": 1.9909786619717562,
  "utility_current_global": 2.010330343548256,
  "num_clients": 5,
  "client_weights_num_examples": [
    8000.0,
    8000.0,
    8000.0,
    8000.0,
    8000.0
  ],
  "shapley_all": {
    "0": 0.05825568110630985,
    "1": 0.017947330605631643,
    "2": -0.055713744807344,
    "3": -0.0022782550079410322,
    "4": 0.0011406395002758233
  },
  "shapley_best_subset": {
    "0": 0.0,
    "1": 0.0,
    "2": -0.055713744807344,
    "3": 0.0,
    "4": 0.0011406395002758233
  }
}