{
  "round": 10,
  "utility_prev_round": 2.010330343548256,
  "utility_current_global": 1.9829100249688836,
  "num_clients": 5,
  "client_weights_num_examples": [
    8000.0,
    8000.0,
    8000.0,
    8000.0,
    8000.0
  ],
  "shapley_all": {
    "0": -0.01670938946526769,
    "1": 0.005161851015775051,
    "2": -0.07622519942778581,
    "3": -0.060980812658237564,
    "4": 0.12133327269855924
  },
  "shapley_best_subset": {
    "0": 0.0,
    "1": 0.0,
    "2": -0.07622519942778581,
    "3": -0.060980812658237564,
    "4": 0.0
  }
}