{
  "round": 3,
  "utility_prev_round": 2.2181051954438415,
  "utility_current_global": 2.1010044451001324,
  "num_clients": 5,
  "client_weights_num_examples": [
    8000.0,
    8000.0,
    8000.0,
    8000.0,
    8000.0
  ],
  "shapley_all": {
    "0": -0.0012729235842258084,
    "1": -0.05408044052526416,
    "2": 0.0026494314398946006,
    "3": -0.015271154888571604,
    "4": -0.049125689947152475
  },
  "shapley_best_subset": {
    "0": 0.0,
    "1": 0.0,
    "2": 0.0,
    "3": 0.0,
    "4": -0.049125689947152475
  }
}