{
  "round": 2,
  "utility_prev_round": 2.357164781304854,
  "utility_current_global": 2.2181051954438415,
  "num_clients": 5,
  "client_weights_num_examples": [
    8000.0,
    8000.0,
    8000.0,
    8000.0,
    8000.0
  ],
  "shapley_all": {
    "0": 0.023601741177120307,
    "1": -0.013680375225936273,
    "2": -0.050212900447443136,
    "3": -0.04324415977494105,
    "4": -0.05552390969755267
  },
  "shapley_best_subset": {
    "0": 0.0,
    "1": 0.0,
    "2": 0.0,
    "3": 0.0,
    "4": -0.05552390969755267
  }
}