{
  "round": 7,
  "utility_prev_round": 1.9484254287768015,
  "utility_current_global": 1.9956668132468114,
  "num_clients": 5,
  "client_weights_num_examples": [
    8000.0,
    8000.0,
    8000.0,
    8000.0,
    8000.0
  ],
  "shapley_all": {
    "0": 0.013630927162331349,
    "1": -0.024970182185434602,
    "2": -0.0076907273083297,
    "3": 0.0204659781375514,
    "4": 0.045805379610021374
  },
  "shapley_best_subset": {
    "0": 0.013630927162331349,
    "1": 0.0,
    "2": -0.0076907273083297,
    "3": 0.0,
    "4": 0.0
  }
}