{
  "round": 1,
  "utility_prev_round": 0.0,
  "utility_current_global": 2.357164781304854,
  "num_clients": 5,
  "client_weights_num_examples": [
    8000.0,
    8000.0,
    8000.0,
    8000.0,
    8000.0
  ],
  "shapley_all": {
    "0": 0.43011534571144655,
    "1": 0.44280176157689816,
    "2": 0.5041883027000267,
    "3": 0.4720850197071768,
    "4": 0.5079743636811334
  },
  "shapley_best_subset": {
    "0": 0.0,
    "1": 0.0,
    "2": 0.5041883027000267,
    "3": 0.0,
    "4": 0.0
  }
}