{
  "round": 6,
  "utility_prev_round": 2.027979548973373,
  "utility_current_global": 1.9484254287768015,
  "num_clients": 5,
  "client_weights_num_examples": [
    8000.0,
    8000.0,
    8000.0,
    8000.0,
    8000.0
  ],
  "shapley_all": {
    "0": -0.007488301132298636,
    "1": -0.017807447055221148,
    "2": -0.02884606067641369,
    "3": -0.007412486539108295,
    "4": -0.017938948582999343
  },
  "shapley_best_subset": {
    "0": 0.0,
    "1": -0.017807447055221148,
    "2": -0.02884606067641369,
    "3": -0.007412486539108295,
    "4": -0.017938948582999343
  }
}