{
  "round": 4,
  "utility_prev_round": 2.1010044451001324,
  "utility_current_global": 2.1032835320581365,
  "num_clients": 5,
  "client_weights_num_examples": [
    8000.0,
    8000.0,
    8000.0,
    8000.0,
    8000.0
  ],
  "shapley_all": {
    "0": -0.003868383194323899,
    "1": -0.005738021603113489,
    "2": 0.03600867946439647,
    "3": -0.023991113322696597,
    "4": -0.0001757611202288345
  },
  "shapley_best_subset": {
    "0": 0.0,
    "1": 0.0,
    "2": 0.0,
    "3": -0.023991113322696597,
    "4": 0.0
  }
}