{
  "round": 8,
  "utility_prev_round": 1.9956668132468114,
  "utility_current_global": 1.9909786619717562,
  "num_clients": 5,
  "client_weights_num_examples": [
    8000.0,
    8000.0,
    8000.0,
    8000.0,
    8000.0
  ],
  "shapley_all": {
    "0": -0.027692813762632565,
    "1": 0.016272889863589678,
    "2": 0.007126933763801942,
    "3": -0.004455444078405198,
    "4": 0.004112655150739449
  },
  "shapley_best_subset": {
    "0": -0.027692813762632565,
    "1": 0.0,
    "2": 0.007126933763801942,
    "3": 0.0,
    "4": 0.004112655150739449
  }
}