{
  "accuracy": [
    0.1,
    0.1,
    0.1062,
    0.1602,
    0.1676,
    0.1924,
    0.1753,
    0.1669,
    0.1865,
    0.1737,
    0.2119,
    0.201,
    0.1809,
    0.1503,
    0.2042,
    0.179,
    0.2008,
    0.1937,
    0.1593,
    0.2042,
    0.1868
  ],
  "loss": [
    2.304598041727573,
    2.799493327925477,
    2.59408195109307,
    2.382753221294548,
    2.3838690685320505,
    2.545056267629696,
    2.4315706778176223,
    2.445453248446501,
    2.408062047596219,
    2.346167603625527,
    2.366207735447944,
    2.4535070265395733,
    2.536065729358528,
    2.2873449325561523,
    2.8175814483739154,
    2.548843213274509,
    2.493298856517937,
    2.645189626307427,
    2.5116252838810786,
    2.233502400072315,
    2.427511562274981
  ]
}